Time,GRW1.F,,,GRW1.M,,,GRW1,,,GRW1.DA,,,GRW2.F,,,GRW2.M,,,GRW2,,,GRW2.DA,,
s,N,N,N,Nmm,Nmm,Nmm,mm,mm,mm,deg,deg,deg,N,N,N,Nmm,Nmm,Nmm,mm,mm,mm,deg,deg,deg
,X,Y,Z,X,Y,Z,X,Y,Z,X,Y,Z,X,Y,Z,X,Y,Z,X,Y,Z,X,Y,Z
0,0,-0,0,0,0,0,-190,320,0,180,0,360,0,-0,0,0,0,0,-50,-290,0,180,0,360
0.01,0,-0,0,0,0,0,-190,320,0,180,0,360,0,-0,0,0,0,0,-50,-290,0,180,0,360
0.02,0,-0,0,0,0,0,-190,320,0,180,0,360,0,-0,0,0,0,0,-50,-290,0,180,0,360
0.03,0,-0,0,0,0,0,-190,320,0,180,0,360,0,-0,0,0,0,0,-50,-290,0,180,0,360
0.04,0,-0,0,0,0,0,-190,320,0,180,0,360,0,-0,0,0,0,0,-50,-290,0,180,0,360
0.05,0,-0,0,0,0,0,-190,320,0,180,0,360,0,-0,0,0,0,0,-50,-290,0,180,0,360
0.06,0,-0,0,0,0,0,-190,320,0,180,0,360,0,-0,0,0,0,0,-50,-290,0,180,0,360
0.07,0,-0,0,0,0,0,-190,320,0,180,0,360,0,-0,0,0,0,0,-50,-290,0,180,0,360
0.08,0,-0,0,0,0,0,-190,320,0,180,0,360,0,-0,0,0,0,0,-50,-290,0,180,0,360
0.09,0,-0,0,0,0,0,-190,320,0,180,0,360,0,-0,0,0,0,0,-50,-290,0,180,0,360
0.1,0,-0,0,0,0,0,-190,320,0,180,0,360,0,-0,0,0,0,0,-50,-290,0,180,0,360
0.11,0,-0,0,0,0,0,-190,320,0,180,0,360,0,-0,0,0,0,0,-50,-290,0,180,0,360
0.12,0,-0,0,0,0,0,-190,320,0,180,0,360,0,-0,0,0,0,0,-50,-290,0,180,0,360
0.13,0,-0,0,0,0,0,-190,320,0,180,0,360,0,-0,0,0,0,0,-50,-290,0,180,0,360
0.14,0,-0,0,0,0,0,-190,320,0,180,0,360,0,-0,0,0,0,0,-50,-290,0,180,0,360
0.15,0,-0,0,0,0,0,-190,320,0,180,0,360,0,-0,0,0,0,0,-50,-290,0,180,0,360
0.16,0,-0,0,0,0,0,-190,320,0,180,0,360,0,-0,0,0,0,0,-50,-290,0,180,0,360
0.17,0,-0,0,0,0,0,-190,320,0,180,0,360,0,-0,0,0,0,0,-50,-290,0,180,0,360
0.18,0,-0,0,0,0,0,-190,320,0,180,0,360,0,-0,0,0,0,0,-50,-290,0,180,0,360
0.19,0,-0,0,0,0,0,-190,320,0,180,0,360,0,-0,0,0,0,0,-50,-290,0,180,0,360
0.2,0,-0,0,0,0,0,-190,320,0,180,0,360,0,-0,0,0,0,0,-50,-290,0,180,0,360
0.21,0,-0,0,0,0,0,-190,320,0,180,0,360,0,-0,0,0,0,0,-50,-290,0,180,0,360
0.22,0,-0,0,0,0,0,-190,320,0,180,0,360,0,-0,0,0,0,0,-50,-290,0,180,0,360
0.23,0,-0,0,0,0,0,-190,320,0,180,0,360,0,-0,0,0,0,0,-50,-290,0,180,0,360
0.24,0,-0,0,0,0,0,-190,320,0,180,0,360,0,-0,0,0,0,0,-50,-290,0,180,0,360
0.25,0,-0,0,0,0,0,-190,320,0,180,0,360,0,-0,0,0,0,0,-50,-290,0,180,0,360
0.26,0,-0,0,0,0,0,-190,320,0,180,0,360,0,-0,0,0,0,0,-50,-290,0,180,0,360
0.27,0,-0,0,0,0,0,-190,320,0,180,0,360,0,-0,0,0,0,0,-50,-290,0,180,0,360
0.28,0,-0,0,0,0,0,-190,320,0,180,0,360,0,-0,0,0,0,0,-50,-290,0,180,0,360
0.29,0,-0,0,0,0,0,-190,320,0,180,0,360,0,-0,0,0,0,0,-50,-290,0,180,0,360
0.3,0,-0,0,0,0,0,-190,320,0,180,0,360,0,-0,0,0,0,0,-50,-290,0,180,0,360
0.31,0,-0,0,0,0,0,-190,320,0,180,0,360,0,-0,0,0,0,0,-50,-290,0,180,0,360
0.32,0,-0,0,0,0,0,-190,320,0,180,0,360,0,-0,0,0,0,0,-50,-290,0,180,0,360
0.33,0,-0,0,0,0,0,-190,320,0,180,0,360,0,-0,0,0,0,0,-50,-290,0,180,0,360
0.34,0,-0,0,0,0,0,-190,320,0,180,0,360,0,-0,0,0,0,0,-50,-290,0,180,0,360
0.35,0,-0,0,0,0,0,-190,320,0,180,0,360,0,-0,0,0,0,0,-50,-290,0,180,0,360
0.36,0,-0,0,0,0,0,-190,320,0,180,0,360,0,-0,0,0,0,0,-50,-290,0,180,0,360
0.37,0,-0,0,0,0,0,-190,320,0,180,0,360,0,-0,0,0,0,0,-50,-290,0,180,0,360
0.38,0,-0,0,0,0,0,-190,320,0,180,0,360,0,-0,0,0,0,0,-50,-290,0,180,0,360
0.39,0,-0,0,0,0,0,-190,320,0,180,0,360,0,-0,0,0,0,0,-50,-290,0,180,0,360
0.4,0,-0,0,0,0,0,-190,320,0,180,0,360,0,-0,0,0,0,0,-50,-290,0,180,0,360
0.41,0,-0,0,0,0,0,-190,320,0,180,0,360,0,-0,0,0,0,0,-50,-290,0,180,0,360
0.42,0,-0,0,0,0,0,-190,320,0,180,0,360,0,-0,0,0,0,0,-50,-290,0,180,0,360
0.43,0,-0,0,0,0,0,-190,320,0,180,0,360,0,-0,0,0,0,0,-50,-290,0,180,0,360
0.44,0,-0,0,0,0,0,-190,320,0,180,0,360,0,-0,0,0,0,0,-50,-290,0,180,0,360
0.45,0,-0,0,0,0,0,-190,320,0,180,0,360,0,-0,0,0,0,0,-50,-290,0,180,0,360
0.46,0,-0,0,0,0,0,-190,320,0,180,0,360,0,-0,0,0,0,0,-50,-290,0,180,0,360
0.47,0,-0,0,0,0,0,-190,320,0,180,0,360,0,-0,0,0,0,0,-50,-290,0,180,0,360
0.48,0,-0,0,0,0,0,-190,320,0,180,0,360,0,-0,0,0,0,0,-50,-290,0,180,0,360
0.49,0,-0,0,0,0,0,-190,320,0,180,0,360,0,-0,0,0,0,0,-50,-290,0,180,0,360
0.5,0,-0,0,0,0,0,-190,320,0,180,0,360,0,-0,0,0,0,0,-50,-290,0,180,0,360
0.51,0,-0,0,0,0,0,-190,320,0,180,0,360,0,-0,0,0,0,0,-50,-290,0,180,0,360
0.52,0,-0,0,0,0,0,-190,320,0,180,0,360,0,-0,0,0,0,0,-50,-290,0,180,0,360
0.53,0,-0,0,0,0,0,-190,320,0,180,0,360,0,-0,0,0,0,0,-50,-290,0,180,0,360
0.54,0,-0,0,0,0,0,-190,320,0,180,0,360,0,-0,0,0,0,0,-50,-290,0,180,0,360
0.55,0,-0,0,0,0,0,-190,320,0,180,0,360,0,-0,0,0,0,0,-50,-290,0,180,0,360
0.56,0,-0,0,0,0,0,-190,320,0,180,0,360,0,-0,0,0,0,0,-50,-290,0,180,0,360
0.57,0,-0,0,0,0,0,-190,320,0,180,0,360,0,-0,0,0,0,0,-50,-290,0,180,0,360
0.58,0,-0,0,0,0,0,-190,320,0,180,0,360,0,-0,0,0,0,0,-50,-290,0,180,0,360
0.59,0,-0,0,0,0,0,-190,320,0,180,0,360,0,-0,0,0,0,0,-50,-290,0,180,0,360
0.6,0,-0,0,0,0,0,-190,320,0,180,0,360,0,-0,0,0,0,0,-50,-290,0,180,0,360
0.61,0,-0,0,0,0,0,-190,320,0,180,0,360,0,-0,0,0,0,0,-50,-290,0,180,0,360
0.62,0,-0,0,0,0,0,-190,320,0,180,0,360,0,-0,0,0,0,0,-50,-290,0,180,0,360
0.63,0,-0,0,0,0,0,-190,320,0,180,0,360,0,-0,0,0,0,0,-50,-290,0,180,0,360
0.64,0,-0,0,0,0,0,-190,320,0,180,0,360,0,-0,0,0,0,0,-50,-290,0,180,0,360
0.65,0,-0,0,0,0,0,-190,320,0,180,0,360,0,-0,0,0,0,0,-50,-290,0,180,0,360
0.66,0,-0,0,0,0,0,-190,320,0,180,0,360,0,-0,0,0,0,0,-50,-290,0,180,0,360
0.67,0,-0,0,0,0,0,-190,320,0,180,0,360,0,-0,0,0,0,0,-50,-290,0,180,0,360
0.68,0,-0,0,0,0,0,-190,320,0,180,0,360,0,-0,0,0,0,0,-50,-290,0,180,0,360
0.69,0,-0,0,0,0,0,-190,320,0,180,0,360,0,-0,0,0,0,0,-50,-290,0,180,0,360
0.7,0,-0,0,0,0,0,-190,320,0,180,0,360,0,-0,0,0,0,0,-50,-290,0,180,0,360
0.71,0,-0,0,0,0,0,-190,320,0,180,0,360,0,-0,0,0,0,0,-50,-290,0,180,0,360
0.72,0,-0,0,0,0,0,-190,320,0,180,0,360,0,-0,0,0,0,0,-50,-290,0,180,0,360
0.73,0,-0,0,0,0,0,-190,320,0,180,0,360,0,-0,0,0,0,0,-50,-290,0,180,0,360
0.74,0,-0,0,0,0,0,-190,320,0,180,0,360,0,-0,0,0,0,0,-50,-290,0,180,0,360
0.75,0,-0,0,0,0,0,-190,320,0,180,0,360,0,-0,0,0,0,0,-50,-290,0,180,0,360
0.76,0,-0,0,0,0,0,-190,320,0,180,0,360,0,-0,0,0,0,0,-50,-290,0,180,0,360
0.77,0,-0,0,0,0,0,-190,320,0,180,0,360,0,-0,0,0,0,0,-50,-290,0,180,0,360
0.78,0,-0,0,0,0,0,-190,320,0,180,0,360,0,-0,0,0,0,0,-50,-290,0,180,0,360
0.79,0,-0,0,0,0,0,-190,320,0,180,0,360,0,-0,0,0,0,0,-50,-290,0,180,0,360
0.8,0,-0,0,0,0,0,-190,320,0,180,0,360,0,-0,0,0,0,0,-50,-290,0,180,0,360
0.81,0,-0,0,0,0,0,-190,320,0,180,0,360,0,-0,0,0,0,0,-50,-290,0,180,0,360
0.82,0,-0,0,0,0,0,-190,320,0,180,0,360,0,-0,0,0,0,0,-50,-290,0,180,0,360
0.83,0,-0,0,0,0,0,-190,320,0,180,0,360,0,-0,0,0,0,0,-50,-290,0,180,0,360
0.84,0,-0,0,0,0,0,-190,320,0,180,0,360,0,-0,0,0,0,0,-50,-290,0,180,0,360
0.85,0,-0,0,0,0,0,-190,320,0,180,0,360,0,-0,0,0,0,0,-50,-290,0,180,0,360
0.86,0,-0,0,0,0,0,-190,320,0,180,0,360,0,-0,0,0,0,0,-50,-290,0,180,0,360
0.87,0,-0,0,0,0,0,-190,320,0,180,0,360,0,-0,0,0,0,0,-50,-290,0,180,0,360
0.88,0,-0,0,0,0,0,-190,320,0,180,0,360,0,-0,0,0,0,0,-50,-290,0,180,0,360
0.89,0,-0,0,0,0,0,-190,320,0,180,0,360,0,-0,0,0,0,0,-50,-290,0,180,0,360
0.9,0,-0,0,0,0,0,-190,320,0,180,0,360,0,-0,0,0,0,0,-50,-290,0,180,0,360
0.91,0,-0,0,0,0,0,-190,320,0,180,0,360,0,-0,0,0,0,0,-50,-290,0,180,0,360
0.92,0,-0,0,0,0,0,-190,320,0,180,0,360,0,-0,0,0,0,0,-50,-290,0,180,0,360
0.93,0,-0,0,0,0,0,-190,320,0,180,0,360,0,-0,0,0,0,0,-50,-290,0,180,0,360
0.94,0,-0,0,0,0,0,-190,320,0,180,0,360,0,-0,0,0,0,0,-50,-290,0,180,0,360
0.95,0,-0,0,0,0,0,-190,320,0,180,0,360,0,-0,0,0,0,0,-50,-290,0,180,0,360
0.96,0,-0,0,0,0,0,-190,320,0,180,0,360,0,-0,0,0,0,0,-50,-290,0,180,0,360
0.97,0,-0,0,0,0,0,-190,320,0,180,0,360,0,-0,0,0,0,0,-50,-290,0,180,0,360
0.98,0,-0,0,0,0,0,-190,320,0,180,0,360,0,-0,0,0,0,0,-50,-290,0,180,0,360
0.99,0,-0,0,0,0,0,-190,320,0,180,0,360,0,-0,0,0,0,0,-50,-290,0,180,0,360
1,0,-0,0,0,0,0,-190,320,0,180,0,360,0,-0,0,0,0,0,-50,-290,0,180,0,360
1.01,0,-0,0,0,0,0,-190,320,0,180,0,360,0,-0,0,0,0,0,-50,-290,0,180,0,360
1.02,0,-0,0,0,0,0,-190,320,0,180,0,360,0,-0,0,0,0,0,-50,-290,0,180,0,360
1.03,0,-0,0,0,0,0,-190,320,0,180,0,360,0,-0,0,0,0,0,-50,-290,0,180,0,360
1.04,0,-0,0,0,0,0,-190,320,0,180,0,360,0,-0,0,0,0,0,-50,-290,0,180,0,360
1.05,0,-0,0,0,0,0,-190,320,0,180,0,360,0,-0,0,0,0,0,-50,-290,0,180,0,360
1.06,0,-0,0,0,0,0,-190,320,0,180,0,360,0,-0,0,0,0,0,-50,-290,0,180,0,360
1.07,0,-0,0,0,0,0,-190,320,0,180,0,360,0,-0,0,0,0,0,-50,-290,0,180,0,360
1.08,0,-0,0,0,0,0,-190,320,0,180,0,360,0,-0,0,0,0,0,-50,-290,0,180,0,360
1.09,0,-0,0,0,0,0,-190,320,0,180,0,360,0,-0,0,0,0,0,-50,-290,0,180,0,360
1.1,0,-0,0,0,0,0,-190,320,0,180,0,360,0,-0,0,0,0,0,-50,-290,0,180,0,360
1.11,0,-0,0,0,0,0,-190,320,0,180,0,360,0,-0,0,0,0,0,-50,-290,0,180,0,360
1.12,0,-0,0,0,0,0,-190,320,0,180,0,360,0,-0,0,0,0,0,-50,-290,0,180,0,360
1.13,0,-0,0,0,0,0,-190,320,0,180,0,360,0,-0,0,0,0,0,-50,-290,0,180,0,360
1.14,0,-0,0,0,0,0,-190,320,0,180,0,360,0,-0,0,0,0,0,-50,-290,0,180,0,360
1.15,0,-0,0,0,0,0,-190,320,0,180,0,360,0,-0,0,0,0,0,-50,-290,0,180,0,360
1.16,0,-0,0,0,0,0,-190,320,0,180,0,360,0,-0,0,0,0,0,-50,-290,0,180,0,360
1.17,0,-0,0,0,0,0,-190,320,0,180,0,360,0,-0,0,0,0,0,-50,-290,0,180,0,360
1.18,0,-0,0,0,0,0,-190,320,0,180,0,360,0,-0,0,0,0,0,-50,-290,0,180,0,360
1.19,0,-0,0,0,0,0,-190,320,0,180,0,360,0,-0,0,0,0,0,-50,-290,0,180,0,360
1.2,0,-0,0,0,0,0,-190,320,0,180,0,360,0,-0,0,0,0,0,-50,-290,0,180,0,360
1.21,0,-0,0,0,0,0,-190,320,0,180,0,360,0,-0,0,0,0,0,-50,-290,0,180,0,360
1.22,0,-0,0,0,0,0,-190,320,0,180,0,360,0,-0,0,0,0,0,-50,-290,0,180,0,360
1.23,0,-0,0,0,0,0,-190,320,0,180,0,360,0,-0,0,0,0,0,-50,-290,0,180,0,360
1.24,0,-0,0,0,0,0,-190,320,0,180,0,360,0,-0,0,0,0,0,-50,-290,0,180,0,360
1.25,0,-0,0,0,0,0,-190,320,0,180,0,360,0,-0,0,0,0,0,-50,-290,0,180,0,360
1.26,0,-0,0,0,0,0,-190,320,0,180,0,360,0,-0,0,0,0,0,-50,-290,0,180,0,360
1.27,0,-0,0,0,0,0,-190,320,0,180,0,360,0,-0,0,0,0,0,-50,-290,0,180,0,360
1.28,0,-0,0,0,0,0,-190,320,0,180,0,360,0,-0,0,0,0,0,-50,-290,0,180,0,360
1.29,0,-0,0,0,0,0,-190,320,0,180,0,360,0,-0,0,0,0,0,-50,-290,0,180,0,360
1.3,0,-0,0,0,0,0,-190,320,0,180,0,360,0,-0,0,0,0,0,-50,-290,0,180,0,360
1.31,0,-0,0,0,0,0,-190,320,0,180,0,360,0,-0,0,0,0,0,-50,-290,0,180,0,360
1.32,0,-0,0,0,0,0,-190,320,0,180,0,360,0,-0,0,0,0,0,-50,-290,0,180,0,360
1.33,0,-0,0,0,0,0,-190,320,0,180,0,360,0,-0,0,0,0,0,-50,-290,0,180,0,360
1.34,0,-0,0,0,0,0,-190,320,0,180,0,360,0,-0,0,0,0,0,-50,-290,0,180,0,360
1.35,0,-0,0,0,0,0,-190,320,0,180,0,360,0,-0,0,0,0,0,-50,-290,0,180,0,360
1.36,0,-0,0,0,0,0,-190,320,0,180,0,360,0,-0,0,0,0,0,-50,-290,0,180,0,360
1.37,0,-0,0,0,0,0,-190,320,0,180,0,360,0,-0,0,0,0,0,-50,-290,0,180,0,360
1.38,0,-0,0,0,0,0,-190,320,0,180,0,360,0,-0,0,0,0,0,-50,-290,0,180,0,360
1.39,0,-0,0,0,0,0,-190,320,0,180,0,360,0,-0,0,0,0,0,-50,-290,0,180,0,360
1.4,0,-0,0,0,0,0,-190,320,0,180,0,360,0,-0,0,0,0,0,-50,-290,0,180,0,360
1.41,0,-0,0,0,0,0,-190,320,0,180,0,360,0,-0,0,0,0,0,-50,-290,0,180,0,360
1.42,0,-0,0,0,0,0,-190,320,0,180,0,360,0,-0,0,0,0,0,-50,-290,0,180,0,360
1.43,0,-0,0,0,0,0,-190,320,0,180,0,360,0,-0,0,0,0,0,-50,-290,0,180,0,360
1.44,0,-0,0,0,0,0,-190,320,0,180,0,360,0,-0,0,0,0,0,-50,-290,0,180,0,360
1.45,0,-0,0,0,0,0,-190,320,0,180,0,360,0,-0,0,0,0,0,-50,-290,0,180,0,360
1.46,0,-0,0,0,0,0,-190,320,0,180,0,360,0,-0,0,0,0,0,-50,-290,0,180,0,360
1.47,0,-0,0,0,0,0,-190,320,0,180,0,360,0,-0,0,0,0,0,-50,-290,0,180,0,360
1.48,0,-0,0,0,0,0,-190,320,0,180,0,360,0,-0,0,0,0,0,-50,-290,0,180,0,360
1.49,0,-0,0,0,0,0,-190,320,0,180,0,360,0,-0,0,0,0,0,-50,-290,0,180,0,360
1.5,0,-0,0,0,0,0,-190,320,0,180,0,360,0,-0,0,0,0,0,-50,-290,0,180,0,360
1.51,0,-0,0,0,0,0,-190,320,0,180,0,360,0,-0,0,0,0,0,-50,-290,0,180,0,360
1.52,0,-0,0,0,0,0,-190,320,0,180,0,360,0,-0,0,0,0,0,-50,-290,0,180,0,360
1.53,0,-0,0,0,0,0,-190,320,0,180,0,360,0,-0,0,0,0,0,-50,-290,0,180,0,360
1.54,0,-0,0,0,0,0,-190,320,0,180,0,360,0,-0,0,0,0,0,-50,-290,0,180,0,360
1.55,0,-0,0,0,0,0,-190,320,0,180,0,360,0,-0,0,0,0,0,-50,-290,0,180,0,360
1.56,0,-0,0,0,0,0,-190,320,0,180,0,360,0,-0,0,0,0,0,-50,-290,0,180,0,360
1.57,0,-0,0,0,0,0,-190,320,0,180,0,360,0,-0,0,0,0,0,-50,-290,0,180,0,360
1.58,0,-0,0,0,0,0,-190,320,0,180,0,360,0,-0,0,0,0,0,-50,-290,0,180,0,360
1.59,0,-0,0,0,0,0,-190,320,0,180,0,360,0,-0,0,0,0,0,-50,-290,0,180,0,360
1.6,0,-0,0,0,0,0,-190,320,0,180,0,360,0,-0,0,0,0,0,-50,-290,0,180,0,360
1.61,0,-0,0,0,0,0,-190,320,0,180,0,360,0,-0,0,0,0,0,-50,-290,0,180,0,360
1.62,0,-0,0,0,0,0,-190,320,0,180,0,360,0,-0,0,0,0,0,-50,-290,0,180,0,360
1.63,0,-0,0,0,0,0,-190,320,0,180,0,360,0,-0,0,0,0,0,-50,-290,0,180,0,360
1.64,0,-0,0,0,0,0,-190,320,0,180,0,360,0,-0,0,0,0,0,-50,-290,0,180,0,360
1.65,0,-0,0,0,0,0,-190,320,0,180,0,360,0,-0,0,0,0,0,-50,-290,0,180,0,360
1.66,0,-0,0,0,0,0,-190,320,0,180,0,360,0,-0,0,0,0,0,-50,-290,0,180,0,360
1.67,0,-0,0,0,0,0,-190,320,0,180,0,360,0,-0,0,0,0,0,-50,-290,0,180,0,360
1.68,0,-0,0,0,0,0,-190,320,0,180,0,360,0,-0,0,0,0,0,-50,-290,0,180,0,360
1.69,0,-0,0,0,0,0,-190,320,0,180,0,360,0,-0,0,0,0,0,-50,-290,0,180,0,360
1.7,0,-0,0,0,0,0,-190,320,0,180,0,360,0,-0,0,0,0,0,-50,-290,0,180,0,360
1.71,0,-0,0,0,0,0,-190,320,0,180,0,360,0,-0,0,0,0,0,-50,-290,0,180,0,360
1.72,0,-0,0,0,0,0,-190,320,0,180,0,360,0,-0,0,0,0,0,-50,-290,0,180,0,360
1.73,0,-0,0,0,0,0,-190,320,0,180,0,360,0,-0,0,0,0,0,-50,-290,0,180,0,360
1.74,0,-0,0,0,0,0,-190,320,0,180,0,360,0,-0,0,0,0,0,-50,-290,0,180,0,360
1.75,0,-0,0,0,0,0,-190,320,0,180,0,360,0,-0,0,0,0,0,-50,-290,0,180,0,360
1.76,0,-0,0,0,0,0,-190,320,0,180,0,360,0,-0,0,0,0,0,-50,-290,0,180,0,360
1.77,0,-0,0,0,0,0,-190,320,0,180,0,360,0,-0,0,0,0,0,-50,-290,0,180,0,360
1.78,0,-0,0,0,0,0,-190,320,0,180,0,360,0,-0,0,0,0,0,-50,-290,0,180,0,360
1.79,0,-0,0,0,0,0,-190,320,0,180,0,360,0,-0,0,0,0,0,-50,-290,0,180,0,360
1.8,0,-0,0,0,0,0,-190,320,0,180,0,360,0,-0,0,0,0,0,-50,-290,0,180,0,360
1.81,0,-0,0,0,0,0,-190,320,0,180,0,360,0,-0,0,0,0,0,-50,-290,0,180,0,360
1.82,0,-0,0,0,0,0,-190,320,0,180,0,360,0,-0,0,0,0,0,-50,-290,0,180,0,360
1.83,0,-0,0,0,0,0,-190,320,0,180,0,360,0,-0,0,0,0,0,-50,-290,0,180,0,360
1.84,0,-0,0,0,0,0,-190,320,0,180,0,360,0,-0,0,0,0,0,-50,-290,0,180,0,360
1.85,0,-0,0,0,0,0,-190,320,0,180,0,360,0,-0,0,0,0,0,-50,-290,0,180,0,360
1.86,0,-0,0,0,0,0,-190,320,0,180,0,360,0,-0,0,0,0,0,-50,-290,0,180,0,360
1.87,0,-0,0,0,0,0,-190,320,0,180,0,360,0,-0,0,0,0,0,-50,-290,0,180,0,360
1.88,0,-0,0,0,0,0,-190,320,0,180,0,360,0,-0,0,0,0,0,-50,-290,0,180,0,360
1.89,0,-0,0,0,0,0,-190,320,0,180,0,360,0,-0,0,0,0,0,-50,-290,0,180,0,360
1.9,0,-0,0,0,0,0,-190,320,0,180,0,360,0,-0,0,0,0,0,-50,-290,0,180,0,360
1.91,0,-0,0,0,0,0,-190,320,0,180,0,360,0,-0,0,0,0,0,-50,-290,0,180,0,360
1.92,0,-0,0,0,0,0,-190,320,0,180,0,360,0,-0,0,0,0,0,-50,-290,0,180,0,360
1.93,0,-0,0,0,0,0,-190,320,0,180,0,360,0,-0,0,0,0,0,-50,-290,0,180,0,360
1.94,0,-0,0,0,0,0,-190,320,0,180,0,360,0,-0,0,0,0,0,-50,-290,0,180,0,360
1.95,0,-0,0,0,0,0,-190,320,0,180,0,360,0,-0,0,0,0,0,-50,-290,0,180,0,360
1.96,0,-0,0,0,0,0,-190,320,0,180,0,360,0,-0,0,0,0,0,-50,-290,0,180,0,360
1.97,0,-0,0,0,0,0,-190,320,0,180,0,360,0,-0,0,0,0,0,-50,-290,0,180,0,360
1.98,0,-0,0,0,0,0,-190,320,0,180,0,360,0,-0,0,0,0,0,-50,-290,0,180,0,360
1.99,0,-0,0,0,0,0,-190,320,0,180,0,360,0,-0,0,0,0,0,-50,-290,0,180,0,360
2,0,-0,0,0,0,0,-190,320,0,180,0,360,0,-0,0,0,0,0,-50,-290,0,180,0,360
2.01,0,-0,0,0,0,0,-190,320,0,180,0,360,0,-0,0,0,0,0,-50,-290,0,180,0,360
2.02,0,-0,0,0,0,0,-190,320,0,180,0,360,0,-0,0,0,0,0,-50,-290,0,180,0,360
2.03,0,-0,0,0,0,0,-190,320,0,180,0,360,0,-0,0,0,0,0,-50,-290,0,180,0,360
2.04,0,-0,0,0,0,0,-190,320,0,180,0,360,0,-0,0,0,0,0,-50,-290,0,180,0,360
2.05,0,-0,0,0,0,0,-190,320,0,180,0,360,0,-0,0,0,0,0,-50,-290,0,180,0,360
2.06,0,-0,0,0,0,0,-190,320,0,180,0,360,0,-0,0,0,0,0,-50,-290,0,180,0,360
2.07,0,-0,0,0,0,0,-190,320,0,180,0,360,0,-0,0,0,0,0,-50,-290,0,180,0,360
2.08,0,-0,0,0,0,0,-190,320,0,180,0,360,0,-0,0,0,0,0,-50,-290,0,180,0,360
2.09,0,-0,0,0,0,0,-190,320,0,180,0,360,0,-0,0,0,0,0,-50,-290,0,180,0,360
2.1,0,-0,0,0,0,0,-190,320,0,180,0,360,0,-0,0,0,0,0,-50,-290,0,180,0,360
2.11,0,-0,0,0,0,0,-190,320,0,180,0,360,0,-0,0,0,0,0,-50,-290,0,180,0,360
2.12,0,-0,0,0,0,0,-190,320,0,180,0,360,0,-0,0,0,0,0,-50,-290,0,180,0,360
2.13,0,-0,0,0,0,0,-190,320,0,180,0,360,0,-0,0,0,0,0,-50,-290,0,180,0,360
2.14,0,-0,0,0,0,0,-190,320,0,180,0,360,0,-0,0,0,0,0,-50,-290,0,180,0,360
2.15,0,-0,0,0,0,0,-190,320,0,180,0,360,0,-0,0,0,0,0,-50,-290,0,180,0,360
2.16,0,-0,0,0,0,0,-190,320,0,180,0,360,0,-0,0,0,0,0,-50,-290,0,180,0,360
2.17,0,-0,0,0,0,0,-190,320,0,180,0,360,0,-0,0,0,0,0,-50,-290,0,180,0,360
2.18,0,-0,0,0,0,0,-190,320,0,180,0,360,0,-0,0,0,0,0,-50,-290,0,180,0,360
2.19,0,-0,0,0,0,0,-190,320,0,180,0,360,0,-0,0,0,0,0,-50,-290,0,180,0,360
2.2,0,-0,0,0,0,0,-190,320,0,180,0,360,0,-0,0,0,0,0,-50,-290,0,180,0,360
2.21,0,-0,0,0,0,0,-190,320,0,180,0,360,0,-0,0,0,0,0,-50,-290,0,180,0,360
2.22,0,-0,0,0,0,0,-190,320,0,180,0,360,0,-0,0,0,0,0,-50,-290,0,180,0,360
2.23,0,-0,0,0,0,0,-190,320,0,180,0,360,0,-0,0,0,0,0,-50,-290,0,180,0,360
2.24,0,-0,0,0,0,0,-190,320,0,180,0,360,0,-0,0,0,0,0,-50,-290,0,180,0,360
2.25,0,-0,0,0,0,0,-190,320,0,180,0,360,0,-0,0,0,0,0,-50,-290,0,180,0,360
2.26,0,-0,0,0,0,0,-190,320,0,180,0,360,0,-0,0,0,0,0,-50,-290,0,180,0,360
2.27,0,-0,0,0,0,0,-190,320,0,180,0,360,0,-0,0,0,0,0,-50,-290,0,180,0,360
2.28,0,-0,0,0,0,0,-190,320,0,180,0,360,0,-0,0,0,0,0,-50,-290,0,180,0,360
2.29,0,-0,0,0,0,0,-190,320,0,180,0,360,0,-0,0,0,0,0,-50,-290,0,180,0,360
2.3,0,-0,0,0,0,0,-190,320,0,180,0,360,0,-0,0,0,0,0,-50,-290,0,180,0,360
2.31,0,-0,0,0,0,0,-190,320,0,180,0,360,0,-0,0,0,0,0,-50,-290,0,180,0,360
2.32,0,-0,0,0,0,0,-190,320,0,180,0,360,0,-0,0,0,0,0,-50,-290,0,180,0,360
2.33,0,-0,0,0,0,0,-190,320,0,180,0,360,0,-0,0,0,0,0,-50,-290,0,180,0,360
2.34,0,-0,0,0,0,0,-190,320,0,180,0,360,0,-0,0,0,0,0,-50,-290,0,180,0,360
2.35,0,-0,0,0,0,0,-190,320,0,180,0,360,0,-0,0,0,0,0,-50,-290,0,180,0,360
2.36,0,-0,0,0,0,0,-190,320,0,180,0,360,0,-0,0,0,0,0,-50,-290,0,180,0,360
2.37,0,-0,0,0,0,0,-190,320,0,180,0,360,0,-0,0,0,0,0,-50,-290,0,180,0,360
2.38,0,-0,0,0,0,0,-190,320,0,180,0,360,0,-0,0,0,0,0,-50,-290,0,180,0,360
2.39,0,-0,0,0,0,0,-190,320,0,180,0,360,0,-0,0,0,0,0,-50,-290,0,180,0,360
2.4,0,-0,0,0,0,0,-190,320,0,180,0,360,0,-0,0,0,0,0,-50,-290,0,180,0,360
2.41,0,-0,0,0,0,0,-190,320,0,180,0,360,0,-0,0,0,0,0,-50,-290,0,180,0,360
2.42,0,-0,0,0,0,0,-190,320,0,180,0,360,0,-0,0,0,0,0,-50,-290,0,180,0,360
2.43,0,-0,0,0,0,0,-190,320,0,180,0,360,0,-0,0,0,0,0,-50,-290,0,180,0,360
2.44,0,-0,0,0,0,0,-190,320,0,180,0,360,0,-0,0,0,0,0,-50,-290,0,180,0,360
2.45,0,-0,0,0,0,0,-190,320,0,180,0,360,0,-0,0,0,0,0,-50,-290,0,180,0,360
2.46,0,-0,0,0,0,0,-190,320,0,180,0,360,0,-0,0,0,0,0,-50,-290,0,180,0,360
2.47,0,-0,0,0,0,0,-190,320,0,180,0,360,0,-0,0,0,0,0,-50,-290,0,180,0,360
2.48,0,-0,0,0,0,0,-190,320,0,180,0,360,0,-0,0,0,0,0,-50,-290,0,180,0,360
2.49,0,-0,0,0,0,0,-190,320,0,180,0,360,0,-0,0,0,0,0,-50,-290,0,180,0,360
2.5,0,-0,0,0,0,0,-190,320,0,180,0,360,0,-0,0,0,0,0,-50,-290,0,180,0,360
2.51,0,-0,0,0,0,0,-190,320,0,180,0,360,0,-0,0,0,0,0,-50,-290,0,180,0,360
2.52,0,-0,0,0,0,0,-190,320,0,180,0,360,0,-0,0,0,0,0,-50,-290,0,180,0,360
2.53,0,-0,0,0,0,0,-190,320,0,180,0,360,0,-0,0,0,0,0,-50,-290,0,180,0,360
2.54,0,-0,0,0,0,0,-190,320,0,180,0,360,0,-0,0,0,0,0,-50,-290,0,180,0,360
2.55,0,-0,0,0,0,0,-190,320,0,180,0,360,0,-0,0,0,0,0,-50,-290,0,180,0,360
2.56,0,-0,0,0,0,0,-190,320,0,180,0,360,0,-0,0,0,0,0,-50,-290,0,180,0,360
2.57,0,-0,0,0,0,0,-190,320,0,180,0,360,0,-0,0,0,0,0,-50,-290,0,180,0,360
2.58,0,-0,0,0,0,0,-190,320,0,180,0,360,0,-0,0,0,0,0,-50,-290,0,180,0,360
2.59,0,-0,0,0,0,0,-190,320,0,180,0,360,0,-0,0,0,0,0,-50,-290,0,180,0,360
2.6,0,-0,0,0,0,0,-190,320,0,180,0,360,0,-0,0,0,0,0,-50,-290,0,180,0,360
2.61,0,-0,0,0,0,0,-190,320,0,180,0,360,0,-0,0,0,0,0,-50,-290,0,180,0,360
2.62,0,-0,0,0,0,0,-190,320,0,180,0,360,0,-0,0,0,0,0,-50,-290,0,180,0,360
2.63,0,-0,0,0,0,0,-190,320,0,180,0,360,0,-0,0,0,0,0,-50,-290,0,180,0,360
2.64,0,-0,0,0,0,0,-190,320,0,180,0,360,0,-0,0,0,0,0,-50,-290,0,180,0,360
2.65,0,-0,0,0,0,0,-190,320,0,180,0,360,0,-0,0,0,0,0,-50,-290,0,180,0,360
2.66,0,-0,0,0,0,0,-190,320,0,180,0,360,0,-0,0,0,0,0,-50,-290,0,180,0,360
2.67,0,-0,0,0,0,0,-190,320,0,180,0,360,0,-0,0,0,0,0,-50,-290,0,180,0,360
2.68,0,-0,0,0,0,0,-190,320,0,180,0,360,0,-0,0,0,0,0,-50,-290,0,180,0,360
2.69,0,-0,0,0,0,0,-190,320,0,180,0,360,0,-0,0,0,0,0,-50,-290,0,180,0,360
2.7,0,-0,0,0,0,0,-190,320,0,180,0,360,0,-0,0,0,0,0,-50,-290,0,180,0,360
2.71,0,-0,0,0,0,0,-190,320,0,180,0,360,0,-0,0,0,0,0,-50,-290,0,180,0,360
2.72,0,-0,0,0,0,0,-190,320,0,180,0,360,0,-0,0,0,0,0,-50,-290,0,180,0,360
2.73,0,-0,0,0,0,0,-190,320,0,180,0,360,0,-0,0,0,0,0,-50,-290,0,180,0,360
2.74,0,-0,0,0,0,0,-190,320,0,180,0,360,0,-0,0,0,0,0,-50,-290,0,180,0,360
2.75,0,-0,0,0,0,0,-190,320,0,180,0,360,0,-0,0,0,0,0,-50,-290,0,180,0,360
2.76,0,-0,0,0,0,0,-190,320,0,180,0,360,0,-0,0,0,0,0,-50,-290,0,180,0,360
2.77,0,-0,0,0,0,0,-190,320,0,180,0,360,0,-0,0,0,0,0,-50,-290,0,180,0,360
2.78,0,-0,0,0,0,0,-190,320,0,180,0,360,0,-0,0,0,0,0,-50,-290,0,180,0,360
2.79,0,-0,0,0,0,0,-190,320,0,180,0,360,0,-0,0,0,0,0,-50,-290,0,180,0,360
2.8,0,-0,0,0,0,0,-190,320,0,180,0,360,0,-0,0,0,0,0,-50,-290,0,180,0,360
2.81,0,-0,0,0,0,0,-190,320,0,180,0,360,0,-0,0,0,0,0,-50,-290,0,180,0,360
2.82,0,-0,0,0,0,0,-190,320,0,180,0,360,0,-0,0,0,0,0,-50,-290,0,180,0,360
2.83,0,-0,0,0,0,0,-190,320,0,180,0,360,0,-0,0,0,0,0,-50,-290,0,180,0,360
2.84,0,-0,0,0,0,0,-190,320,0,180,0,360,0,-0,0,0,0,0,-50,-290,0,180,0,360
2.85,0,-0,0,0,0,0,-190,320,0,180,0,360,0,-0,0,0,0,0,-50,-290,0,180,0,360
2.86,0,-0,0,0,0,0,-190,320,0,180,0,360,0,-0,0,0,0,0,-50,-290,0,180,0,360
2.87,0,-0,0,0,0,0,-190,320,0,180,0,360,0,-0,0,0,0,0,-50,-290,0,180,0,360
2.88,0,-0,0,0,0,0,-190,320,0,180,0,360,0,-0,0,0,0,0,-50,-290,0,180,0,360
2.89,0,-0,0,0,0,0,-190,320,0,180,0,360,0,-0,0,0,0,0,-50,-290,0,180,0,360
2.9,0,-0,0,0,0,0,-190,320,0,180,0,360,0,-0,0,0,0,0,-50,-290,0,180,0,360
2.91,0,-0,0,0,0,0,-190,320,0,180,0,360,0,-0,0,0,0,0,-50,-290,0,180,0,360
2.92,0,-0,0,0,0,0,-190,320,0,180,0,360,0,-0,0,0,0,0,-50,-290,0,180,0,360
2.93,0,-0,0,0,0,0,-190,320,0,180,0,360,0,-0,0,0,0,0,-50,-290,0,180,0,360
2.94,0,-0,0,0,0,0,-190,320,0,180,0,360,0,-0,0,0,0,0,-50,-290,0,180,0,360
2.95,0,-0,0,0,0,0,-190,320,0,180,0,360,0,-0,0,0,0,0,-50,-290,0,180,0,360
2.96,0,-0,0,0,0,0,-190,320,0,180,0,360,0,-0,0,0,0,0,-50,-290,0,180,0,360
2.97,0,-0,0,0,0,0,-190,320,0,180,0,360,0,-0,0,0,0,0,-50,-290,0,180,0,360
2.98,0,-0,0,0,0,0,-190,320,0,180,0,360,0,-0,0,0,0,0,-50,-290,0,180,0,360
2.99,0,-0,0,0,0,0,-190,320,0,180,0,360,0,-0,0,0,0,0,-50,-290,0,180,0,360
3,0,-0,0,0,0,0,-190,320,0,180,0,360,0,-0,0,0,0,0,-50,-290,0,180,0,360
3.01,0,-0,0,0,0,0,-190,320,0,180,0,360,0,-0,0,0,0,0,-50,-290,0,180,0,360
3.02,0,-0,0,0,0,0,-190,320,0,180,0,360,0,-0,0,0,0,0,-50,-290,0,180,0,360
3.03,0,-0,0,0,0,0,-190,320,0,180,0,360,0,-0,0,0,0,0,-50,-290,0,180,0,360
3.04,0,-0,0,0,0,0,-190,320,0,180,0,360,0,-0,0,0,0,0,-50,-290,0,180,0,360
3.05,0,-0,0,0,0,0,-190,320,0,180,0,360,0,-0,0,0,0,0,-50,-290,0,180,0,360
3.06,0,-0,0,0,0,0,-190,320,0,180,0,360,0,-0,0,0,0,0,-50,-290,0,180,0,360
3.07,0,-0,0,0,0,0,-190,320,0,180,0,360,0,-0,0,0,0,0,-50,-290,0,180,0,360
3.08,0,-0,0,0,0,0,-190,320,0,180,0,360,0,-0,0,0,0,0,-50,-290,0,180,0,360
3.09,0,-0,0,0,0,0,-190,320,0,180,0,360,0,-0,0,0,0,0,-50,-290,0,180,0,360
3.1,0,-0,0,0,0,0,-190,320,0,180,0,360,0,-0,0,0,0,0,-50,-290,0,180,0,360
3.11,0,-0,0,0,0,0,-190,320,0,180,0,360,0,-0,0,0,0,0,-50,-290,0,180,0,360
3.12,0,-0,0,0,0,0,-190,320,0,180,0,360,0,-0,0,0,0,0,-50,-290,0,180,0,360
3.13,0,-0,0,0,0,0,-190,320,0,180,0,360,0,-0,0,0,0,0,-50,-290,0,180,0,360
3.14,0,-0,0,0,0,0,-190,320,0,180,0,360,0,-0,0,0,0,0,-50,-290,0,180,0,360
3.15,0,-0,0,0,0,0,-190,320,0,180,0,360,0,-0,0,0,0,0,-50,-290,0,180,0,360
3.16,0,-0,0,0,0,0,-190,320,0,180,0,360,0,-0,0,0,0,0,-50,-290,0,180,0,360
3.17,0,-0,0,0,0,0,-190,320,0,180,0,360,0,-0,0,0,0,0,-50,-290,0,180,0,360
3.18,0,-0,0,0,0,0,-190,320,0,180,0,360,0,-0,0,0,0,0,-50,-290,0,180,0,360
3.19,0,-0,0,0,0,0,-190,320,0,180,0,360,0,-0,0,0,0,0,-50,-290,0,180,0,360
3.2,0,-0,0,0,0,0,-190,320,0,180,0,360,0,-0,0,0,0,0,-50,-290,0,180,0,360
3.21,0,-0,0,0,0,0,-190,320,0,180,0,360,0,-0,0,0,0,0,-50,-290,0,180,0,360
3.22,0,-0,0,0,0,0,-190,320,0,180,0,360,0,-0,0,0,0,0,-50,-290,0,180,0,360
3.23,0,-0,0,0,0,0,-190,320,0,180,0,360,0,-0,0,0,0,0,-50,-290,0,180,0,360
3.24,0,-0,0,0,0,0,-190,320,0,180,0,360,0,-0,0,0,0,0,-50,-290,0,180,0,360
3.25,0,-0,0,0,0,0,-190,320,0,180,0,360,0,-0,0,0,0,0,-50,-290,0,180,0,360
3.26,0,-0,0,0,0,0,-190,320,0,180,0,360,0,-0,0,0,0,0,-50,-290,0,180,0,360
3.27,0,-0,0,0,0,0,-190,320,0,180,0,360,0,-0,0,0,0,0,-50,-290,0,180,0,360
3.28,0,-0,0,0,0,0,-190,320,0,180,0,360,0,-0,0,0,0,0,-50,-290,0,180,0,360
3.29,0,-0,0,0,0,0,-190,320,0,180,0,360,0,-0,0,0,0,0,-50,-290,0,180,0,360
3.3,0,-0,0,0,0,0,-190,320,0,180,0,360,0,-0,0,0,0,0,-50,-290,0,180,0,360
3.31,0,-0,0,0,0,0,-190,320,0,180,0,360,0,-0,0,0,0,0,-50,-290,0,180,0,360
3.32,0,-0,0,0,0,0,-190,320,0,180,0,360,0,-0,0,0,0,0,-50,-290,0,180,0,360
3.33,0,-0,0,0,0,0,-190,320,0,180,0,360,0,-0,0,0,0,0,-50,-290,0,180,0,360
3.34,0,-0,0,0,0,0,-190,320,0,180,0,360,0,-0,0,0,0,0,-50,-290,0,180,0,360
3.35,0,-0,0,0,0,0,-190,320,0,180,0,360,0,-0,0,0,0,0,-50,-290,0,180,0,360
3.36,0,-0,0,0,0,0,-190,320,0,180,0,360,0,-0,0,0,0,0,-50,-290,0,180,0,360
3.37,0,-0,0,0,0,0,-190,320,0,180,0,360,0,-0,0,0,0,0,-50,-290,0,180,0,360
3.38,0,-0,0,0,0,0,-190,320,0,180,0,360,0,-0,0,0,0,0,-50,-290,0,180,0,360
3.39,0,-0,0,0,0,0,-190,320,0,180,0,360,0,-0,0,0,0,0,-50,-290,0,180,0,360
3.4,0,-0,0,0,0,0,-190,320,0,180,0,360,0,-0,0,0,0,0,-50,-290,0,180,0,360
3.41,0,-0,0,0,0,0,-190,320,0,180,0,360,0,-0,0,0,0,0,-50,-290,0,180,0,360
3.42,0,-0,0,0,0,0,-190,320,0,180,0,360,0,-0,0,0,0,0,-50,-290,0,180,0,360
3.43,0,-0,0,0,0,0,-190,320,0,180,0,360,0,-0,0,0,0,0,-50,-290,0,180,0,360
3.44,0,-0,0,0,0,0,-190,320,0,180,0,360,0,-0,0,0,0,0,-50,-290,0,180,0,360
3.45,0,-0,0,0,0,0,-190,320,0,180,0,360,0,-0,0,0,0,0,-50,-290,0,180,0,360
3.46,0,-0,0,0,0,0,-190,320,0,180,0,360,0,-0,0,0,0,0,-50,-290,0,180,0,360
3.47,0,-0,0,0,0,0,-190,320,0,180,0,360,0,-0,0,0,0,0,-50,-290,0,180,0,360
3.48,0,-0,0,0,0,0,-190,320,0,180,0,360,0,-0,0,0,0,0,-50,-290,0,180,0,360
3.49,0,-0,0,0,0,0,-190,320,0,180,0,360,0,-0,0,0,0,0,-50,-290,0,180,0,360
3.5,0,-0,0,0,0,0,-190,320,0,180,0,360,0,-0,0,0,0,0,-50,-290,0,180,0,360
3.51,0,-0,0,0,0,0,-190,320,0,180,0,360,0,-0,0,0,0,0,-50,-290,0,180,0,360
3.52,0,-0,0,0,0,0,-190,320,0,180,0,360,0,-0,0,0,0,0,-50,-290,0,180,0,360
3.53,0,-0,0,0,0,0,-190,320,0,180,0,360,0,-0,0,0,0,0,-50,-290,0,180,0,360
3.54,0,-0,0,0,0,0,-190,320,0,180,0,360,0,-0,0,0,0,0,-50,-290,0,180,0,360
3.55,0,-0,0,0,0,0,-190,320,0,180,0,360,0,-0,0,0,0,0,-50,-290,0,180,0,360
3.56,0,-0,0,0,0,0,-190,320,0,180,0,360,0,-0,0,0,0,0,-50,-290,0,180,0,360
3.57,0,-0,0,0,0,0,-190,320,0,180,0,360,0,-0,0,0,0,0,-50,-290,0,180,0,360
3.58,0,-0,0,0,0,0,-190,320,0,180,0,360,0,-0,0,0,0,0,-50,-290,0,180,0,360
3.59,0,-0,0,0,0,0,-190,320,0,180,0,360,0,-0,0,0,0,0,-50,-290,0,180,0,360
3.6,0,-0,0,0,0,0,-190,320,0,180,0,360,0,-0,0,0,0,0,-50,-290,0,180,0,360
3.61,0,-0,0,0,0,0,-190,320,0,180,0,360,0,-0,0,0,0,0,-50,-290,0,180,0,360
3.62,0,-0,0,0,0,0,-190,320,0,180,0,360,0,-0,0,0,0,0,-50,-290,0,180,0,360
3.63,0,-0,0,0,0,0,-190,320,0,180,0,360,0,-0,0,0,0,0,-50,-290,0,180,0,360
3.64,0,-0,0,0,0,0,-190,320,0,180,0,360,0,-0,0,0,0,0,-50,-290,0,180,0,360
3.65,0,-0,0,0,0,0,-190,320,0,180,0,360,0,-0,0,0,0,0,-50,-290,0,180,0,360
3.66,0,-0,0,0,0,0,-190,320,0,180,0,360,0,-0,0,0,0,0,-50,-290,0,180,0,360
3.67,0,-0,0,0,0,0,-190,320,0,180,0,360,0,-0,0,0,0,0,-50,-290,0,180,0,360
3.68,0,-0,0,0,0,0,-190,320,0,180,0,360,0,-0,0,0,0,0,-50,-290,0,180,0,360
3.69,0,-0,0,0,0,0,-190,320,0,180,0,360,0,-0,0,0,0,0,-50,-290,0,180,0,360
3.7,0,-0,0,0,0,0,-190,320,0,180,0,360,0,-0,0,0,0,0,-50,-290,0,180,0,360
3.71,0,-0,0,0,0,0,-190,320,0,180,0,360,0,-0,0,0,0,0,-50,-290,0,180,0,360
3.72,0,-0,0,0,0,0,-190,320,0,180,0,360,0,-0,0,0,0,0,-50,-290,0,180,0,360
3.73,0,-0,0,0,0,0,-190,320,0,180,0,360,0,-0,0,0,0,0,-50,-290,0,180,0,360
3.74,0,-0,0,0,0,0,-190,320,0,180,0,360,0,-0,0,0,0,0,-50,-290,0,180,0,360
3.75,0,-0,0,0,0,0,-190,320,0,180,0,360,0,-0,0,0,0,0,-50,-290,0,180,0,360
3.76,0,-0,0,0,0,0,-190,320,0,180,0,360,0,-0,0,0,0,0,-50,-290,0,180,0,360
3.77,0,-0,0,0,0,0,-190,320,0,180,0,360,0,-0,0,0,0,0,-50,-290,0,180,0,360
3.78,0,-0,0,0,0,0,-190,320,0,180,0,360,0,-0,0,0,0,0,-50,-290,0,180,0,360
3.79,0,-0,0,0,0,0,-190,320,0,180,0,360,0,-0,0,0,0,0,-50,-290,0,180,0,360
3.8,0,-0,0,0,0,0,-190,320,0,180,0,360,0,-0,0,0,0,0,-50,-290,0,180,0,360
3.81,0,-0,0,0,0,0,-190,320,0,180,0,360,0,-0,0,0,0,0,-50,-290,0,180,0,360
3.82,0,-0,0,0,0,0,-190,320,0,180,0,360,0,-0,0,0,0,0,-50,-290,0,180,0,360
3.83,0,-0,0,0,0,0,-190,320,0,180,0,360,0,-0,0,0,0,0,-50,-290,0,180,0,360
3.84,0,-0,0,0,0,0,-190,320,0,180,0,360,0,-0,0,0,0,0,-50,-290,0,180,0,360
3.85,0,-0,0,0,0,0,-190,320,0,180,0,360,0,-0,0,0,0,0,-50,-290,0,180,0,360
3.86,0,-0,0,0,0,0,-190,320,0,180,0,360,0,-0,0,0,0,0,-50,-290,0,180,0,360
3.87,0,-0,0,0,0,0,-190,320,0,180,0,360,0,-0,0,0,0,0,-50,-290,0,180,0,360
3.88,0,-0,0,0,0,0,-190,320,0,180,0,360,0,-0,0,0,0,0,-50,-290,0,180,0,360
3.89,0,-0,0,0,0,0,-190,320,0,180,0,360,0,-0,0,0,0,0,-50,-290,0,180,0,360
3.9,0,-0,0,0,0,0,-190,320,0,180,0,360,0,-0,0,0,0,0,-50,-290,0,180,0,360
3.91,0,-0,0,0,0,0,-190,320,0,180,0,360,0,-0,0,0,0,0,-50,-290,0,180,0,360
3.92,0,-0,0,0,0,0,-190,320,0,180,0,360,0,-0,0,0,0,0,-50,-290,0,180,0,360
3.93,0,-0,0,0,0,0,-190,320,0,180,0,360,0,-0,0,0,0,0,-50,-290,0,180,0,360
3.94,0,-0,0,0,0,0,-190,320,0,180,0,360,0,-0,0,0,0,0,-50,-290,0,180,0,360
3.95,0,-0,0,0,0,0,-190,320,0,180,0,360,0,-0,0,0,0,0,-50,-290,0,180,0,360
3.96,0,-0,0,0,0,0,-190,320,0,180,0,360,0,-0,0,0,0,0,-50,-290,0,180,0,360
3.97,0,-0,0,0,0,0,-190,320,0,180,0,360,0,-0,0,0,0,0,-50,-290,0,180,0,360
3.98,0,-0,0,0,0,0,-190,320,0,180,0,360,0,-0,0,0,0,0,-50,-290,0,180,0,360
3.99,0,-0,0,0,0,0,-190,320,0,180,0,360,0,-0,0,0,0,0,-50,-290,0,180,0,360
4,0,-0,0,0,0,0,-190,320,0,180,0,360,0,-0,0,0,0,0,-50,-290,0,180,0,360
4.01,0,-0,0,0,0,0,-190,320,0,180,0,360,0,-0,0,0,0,0,-50,-290,0,180,0,360
4.02,0,-0,0,0,0,0,-190,320,0,180,0,360,0,-0,0,0,0,0,-50,-290,0,180,0,360
4.03,0,-0,0,0,0,0,-190,320,0,180,0,360,0,-0,0,0,0,0,-50,-290,0,180,0,360
4.04,0,-0,0,0,0,0,-190,320,0,180,0,360,0,-0,0,0,0,0,-50,-290,0,180,0,360
4.05,0,-0,0,0,0,0,-190,320,0,180,0,360,0,-0,0,0,0,0,-50,-290,0,180,0,360
4.06,0,-0,0,0,0,0,-190,320,0,180,0,360,0,-0,0,0,0,0,-50,-290,0,180,0,360
4.07,0,-0,0,0,0,0,-190,320,0,180,0,360,0,-0,0,0,0,0,-50,-290,0,180,0,360
4.08,0,-0,0,0,0,0,-190,320,0,180,0,360,0,-0,0,0,0,0,-50,-290,0,180,0,360
4.09,0,-0,0,0,0,0,-190,320,0,180,0,360,0,-0,0,0,0,0,-50,-290,0,180,0,360
4.1,0,-0,0,0,0,0,-190,320,0,180,0,360,0,-0,0,0,0,0,-50,-290,0,180,0,360
4.11,0,-0,0,0,0,0,-190,320,0,180,0,360,0,-0,0,0,0,0,-50,-290,0,180,0,360
4.12,0,-0,0,0,0,0,-190,320,0,180,0,360,0,-0,0,0,0,0,-50,-290,0,180,0,360
4.13,0,-0,0,0,0,0,-190,320,0,180,0,360,0,-0,0,0,0,0,-50,-290,0,180,0,360
4.14,0,-0,0,0,0,0,-190,320,0,180,0,360,0,-0,0,0,0,0,-50,-290,0,180,0,360
4.15,0,-0,0,0,0,0,-190,320,0,180,0,360,0,-0,0,0,0,0,-50,-290,0,180,0,360
4.16,0,-0,0,0,0,0,-190,320,0,180,0,360,0,-0,0,0,0,0,-50,-290,0,180,0,360
4.17,0,-0,0,0,0,0,-190,320,0,180,0,360,0,-0,0,0,0,0,-50,-290,0,180,0,360
4.18,0,-0,0,0,0,0,-190,320,0,180,0,360,0,-0,0,0,0,0,-50,-290,0,180,0,360
4.19,0,-0,0,0,0,0,-190,320,0,180,0,360,0,-0,0,0,0,0,-50,-290,0,180,0,360
4.2,0,-0,0,0,0,0,-190,320,0,180,0,360,0,-0,0,0,0,0,-50,-290,0,180,0,360
4.21,0,-0,0,0,0,0,-190,320,0,180,0,360,0,-0,0,0,0,0,-50,-290,0,180,0,360
4.22,0,-0,0,0,0,0,-190,320,0,180,0,360,0,-0,0,0,0,0,-50,-290,0,180,0,360
4.23,0,-0,0,0,0,0,-190,320,0,180,0,360,0,-0,0,0,0,0,-50,-290,0,180,0,360
4.24,0,-0,0,0,0,0,-190,320,0,180,0,360,0,-0,0,0,0,0,-50,-290,0,180,0,360
4.25,0,-0,0,0,0,0,-190,320,0,180,0,360,0,-0,0,0,0,0,-50,-290,0,180,0,360
4.26,0,-0,0,0,0,0,-190,320,0,180,0,360,0,-0,0,0,0,0,-50,-290,0,180,0,360
4.27,0,-0,0,0,0,0,-190,320,0,180,0,360,0,-0,0,0,0,0,-50,-290,0,180,0,360
4.28,0,-0,0,0,0,0,-190,320,0,180,0,360,0,-0,0,0,0,0,-50,-290,0,180,0,360
4.29,0,-0,0,0,0,0,-190,320,0,180,0,360,0,-0,0,0,0,0,-50,-290,0,180,0,360
4.3,0,-0,0,0,0,0,-190,320,0,180,0,360,0,-0,0,0,0,0,-50,-290,0,180,0,360
4.31,0,-0,0,0,0,0,-190,320,0,180,0,360,0,-0,0,0,0,0,-50,-290,0,180,0,360
4.32,0,-0,0,0,0,0,-190,320,0,180,0,360,0,-0,0,0,0,0,-50,-290,0,180,0,360
4.33,0,-0,0,0,0,0,-190,320,0,180,0,360,0,-0,0,0,0,0,-50,-290,0,180,0,360
4.34,0,-0,0,0,0,0,-190,320,0,180,0,360,0,-0,0,0,0,0,-50,-290,0,180,0,360
4.35,0,-0,0,0,0,0,-190,320,0,180,0,360,0,-0,0,0,0,0,-50,-290,0,180,0,360
4.36,0,-0,0,0,0,0,-190,320,0,180,0,360,0,-0,0,0,0,0,-50,-290,0,180,0,360
4.37,0,-0,0,0,0,0,-190,320,0,180,0,360,0,-0,0,0,0,0,-50,-290,0,180,0,360
4.38,0,-0,0,0,0,0,-190,320,0,180,0,360,0,-0,0,0,0,0,-50,-290,0,180,0,360
4.39,0,-0,0,0,0,0,-190,320,0,180,0,360,0,-0,0,0,0,0,-50,-290,0,180,0,360
4.4,0,-0,0,0,0,0,-190,320,0,180,0,360,0,-0,0,0,0,0,-50,-290,0,180,0,360
4.41,0,-0,0,0,0,0,-190,320,0,180,0,360,0,-0,0,0,0,0,-50,-290,0,180,0,360
4.42,0,-0,0,0,0,0,-190,320,0,180,0,360,0,-0,0,0,0,0,-50,-290,0,180,0,360
4.43,0,-0,0,0,0,0,-190,320,0,180,0,360,0,-0,0,0,0,0,-50,-290,0,180,0,360
4.44,0,-0,0,0,0,0,-190,320,0,180,0,360,0,-0,0,0,0,0,-50,-290,0,180,0,360
4.45,0,-0,0,0,0,0,-190,320,0,180,0,360,0,-0,0,0,0,0,-50,-290,0,180,0,360
4.46,0,-0,0,0,0,0,-190,320,0,180,0,360,0,-0,0,0,0,0,-50,-290,0,180,0,360
4.47,0,-0,0,0,0,0,-190,320,0,180,0,360,0,-0,0,0,0,0,-50,-290,0,180,0,360
4.48,0,-0,0,0,0,0,-190,320,0,180,0,360,0,-0,0,0,0,0,-50,-290,0,180,0,360
4.49,0,-0,0,0,0,0,-190,320,0,180,0,360,0,-0,0,0,0,0,-50,-290,0,180,0,360
4.5,0,-0,0,0,0,0,-190,320,0,180,0,360,0,-0,0,0,0,0,-50,-290,0,180,0,360
4.51,0,-0,0,0,0,0,-190,320,0,180,0,360,0,-0,0,0,0,0,-50,-290,0,180,0,360
4.52,0,-0,0,0,0,0,-190,320,0,180,0,360,0,-0,0,0,0,0,-50,-290,0,180,0,360
4.53,0,-0,0,0,0,0,-190,320,0,180,0,360,0,-0,0,0,0,0,-50,-290,0,180,0,360
4.54,0,-0,0,0,0,0,-190,320,0,180,0,360,0,-0,0,0,0,0,-50,-290,0,180,0,360
4.55,0,-0,0,0,0,0,-190,320,0,180,0,360,0,-0,0,0,0,0,-50,-290,0,180,0,360
4.56,0,-0,0,0,0,0,-190,320,0,180,0,360,0,-0,0,0,0,0,-50,-290,0,180,0,360
4.57,0,-0,0,0,0,0,-190,320,0,180,0,360,0,-0,0,0,0,0,-50,-290,0,180,0,360
4.58,0,-0,0,0,0,0,-190,320,0,180,0,360,0,-0,0,0,0,0,-50,-290,0,180,0,360
4.59,0,-0,0,0,0,0,-190,320,0,180,0,360,0,-0,0,0,0,0,-50,-290,0,180,0,360
4.6,0,-0,0,0,0,0,-190,320,0,180,0,360,0,-0,0,0,0,0,-50,-290,0,180,0,360
4.61,0,-0,0,0,0,0,-190,320,0,180,0,360,0,-0,0,0,0,0,-50,-290,0,180,0,360
4.62,0,-0,0,0,0,0,-190,320,0,180,0,360,0,-0,0,0,0,0,-50,-290,0,180,0,360
4.63,0,-0,0,0,0,0,-190,320,0,180,0,360,0,-0,0,0,0,0,-50,-290,0,180,0,360
4.64,0,-0,0,0,0,0,-190,320,0,180,0,360,0,-0,0,0,0,0,-50,-290,0,180,0,360
4.65,0,-0,0,0,0,0,-190,320,0,180,0,360,0,-0,0,0,0,0,-50,-290,0,180,0,360
4.66,0,-0,0,0,0,0,-190,320,0,180,0,360,0,-0,0,0,0,0,-50,-290,0,180,0,360
4.67,0,-0,0,0,0,0,-190,320,0,180,0,360,0,-0,0,0,0,0,-50,-290,0,180,0,360
4.68,0,-0,0,0,0,0,-190,320,0,180,0,360,0,-0,0,0,0,0,-50,-290,0,180,0,360
4.69,0,-0,0,0,0,0,-190,320,0,180,0,360,0,-0,0,0,0,0,-50,-290,0,180,0,360
4.7,0,-0,0,0,0,0,-190,320,0,180,0,360,0,-0,0,0,0,0,-50,-290,0,180,0,360
4.71,0,-0,0,0,0,0,-190,320,0,180,0,360,0,-0,0,0,0,0,-50,-290,0,180,0,360
4.72,0,-0,0,0,0,0,-190,320,0,180,0,360,0,-0,0,0,0,0,-50,-290,0,180,0,360
4.73,0,-0,0,0,0,0,-190,320,0,180,0,360,0,-0,0,0,0,0,-50,-290,0,180,0,360
4.74,0,-0,0,0,0,0,-190,320,0,180,0,360,0,-0,0,0,0,0,-50,-290,0,180,0,360
4.75,0,-0,0,0,0,0,-190,320,0,180,0,360,0,-0,0,0,0,0,-50,-290,0,180,0,360
4.76,0,-0,0,0,0,0,-190,320,0,180,0,360,0,-0,0,0,0,0,-50,-290,0,180,0,360
4.77,0,-0,0,0,0,0,-190,320,0,180,0,360,0,-0,0,0,0,0,-50,-290,0,180,0,360
4.78,0,-0,0,0,0,0,-190,320,0,180,0,360,0,-0,0,0,0,0,-50,-290,0,180,0,360
4.79,0,-0,0,0,0,0,-190,320,0,180,0,360,0,-0,0,0,0,0,-50,-290,0,180,0,360
4.8,0,-0,0,0,0,0,-190,320,0,180,0,360,0,-0,0,0,0,0,-50,-290,0,180,0,360
4.81,0,-0,0,0,0,0,-190,320,0,180,0,360,0,-0,0,0,0,0,-50,-290,0,180,0,360
4.82,0,-0,0,0,0,0,-190,320,0,180,0,360,0,-0,0,0,0,0,-50,-290,0,180,0,360
4.83,0,-0,0,0,0,0,-190,320,0,180,0,360,0,-0,0,0,0,0,-50,-290,0,180,0,360
4.84,0,-0,0,0,0,0,-190,320,0,180,0,360,0,-0,0,0,0,0,-50,-290,0,180,0,360
4.85,0,-0,0,0,0,0,-190,320,0,180,0,360,0,-0,0,0,0,0,-50,-290,0,180,0,360
4.86,0,-0,0,0,0,0,-190,320,0,180,0,360,0,-0,0,0,0,0,-50,-290,0,180,0,360
4.87,0,-0,0,0,0,0,-190,320,0,180,0,360,0,-0,0,0,0,0,-50,-290,0,180,0,360
4.88,0,-0,0,0,0,0,-190,320,0,180,0,360,0,-0,0,0,0,0,-50,-290,0,180,0,360
4.89,0,-0,0,0,0,0,-190,320,0,180,0,360,0,-0,0,0,0,0,-50,-290,0,180,0,360
4.9,0,-0,0,0,0,0,-190,320,0,180,0,360,0,-0,0,0,0,0,-50,-290,0,180,0,360
4.91,0,-0,0,0,0,0,-190,320,0,180,0,360,0,-0,0,0,0,0,-50,-290,0,180,0,360
4.92,0,-0,0,0,0,0,-190,320,0,180,0,360,0,-0,0,0,0,0,-50,-290,0,180,0,360
4.93,0,-0,0,0,0,0,-190,320,0,180,0,360,0,-0,0,0,0,0,-50,-290,0,180,0,360
4.94,0,-0,0,0,0,0,-190,320,0,180,0,360,0,-0,0,0,0,0,-50,-290,0,180,0,360
4.95,0,-0,0,0,0,0,-190,320,0,180,0,360,0,-0,0,0,0,0,-50,-290,0,180,0,360
4.96,0,-0,0,0,0,0,-190,320,0,180,0,360,0,-0,0,0,0,0,-50,-290,0,180,0,360
4.97,0,-0,0,0,0,0,-190,320,0,180,0,360,0,-0,0,0,0,0,-50,-290,0,180,0,360
4.98,0,-0,0,0,0,0,-190,320,0,180,0,360,0,-0,0,0,0,0,-50,-290,0,180,0,360
4.99,0,-0,0,0,0,0,-190,320,0,180,0,360,0,-0,0,0,0,0,-50,-290,0,180,0,360
5,0,-0,0,0,0,0,-190,320,0,180,0,360,0,-0,0,0,0,0,-50,-290,0,180,0,360
5.01,0,-0,0,0,0,0,-190,320,0,180,0,360,0,-0,0,0,0,0,-50,-290,0,180,0,360
5.02,0,-0,0,0,0,0,-190,320,0,180,0,360,0,-0,0,0,0,0,-50,-290,0,180,0,360
5.03,0,-0,0,0,0,0,-190,320,0,180,0,360,0,-0,0,0,0,0,-50,-290,0,180,0,360
5.04,0,-0,0,0,0,0,-190,320,0,180,0,360,0,-0,0,0,0,0,-50,-290,0,180,0,360
5.05,0,-0,0,0,0,0,-190,320,0,180,0,360,0,-0,0,0,0,0,-50,-290,0,180,0,360
5.06,0,-0,0,0,0,0,-190,320,0,180,0,360,0,-0,0,0,0,0,-50,-290,0,180,0,360
5.07,0,-0,0,0,0,0,-190,320,0,180,0,360,0,-0,0,0,0,0,-50,-290,0,180,0,360
5.08,0,-0,0,0,0,0,-190,320,0,180,0,360,0,-0,0,0,0,0,-50,-290,0,180,0,360
5.09,0,-0,0,0,0,0,-190,320,0,180,0,360,0,-0,0,0,0,0,-50,-290,0,180,0,360
5.1,0,-0,0,0,0,0,-190,320,0,180,0,360,0,-0,0,0,0,0,-50,-290,0,180,0,360
5.11,0,-0,0,0,0,0,-190,320,0,180,0,360,0,-0,0,0,0,0,-50,-290,0,180,0,360
5.12,0,-0,0,0,0,0,-190,320,0,180,0,360,0,-0,0,0,0,0,-50,-290,0,180,0,360
5.13,0,-0,0,0,0,0,-190,320,0,180,0,360,0,-0,0,0,0,0,-50,-290,0,180,0,360
5.14,0,-0,0,0,0,0,-190,320,0,180,0,360,0,-0,0,0,0,0,-50,-290,0,180,0,360
5.15,0,-0,0,0,0,0,-190,320,0,180,0,360,0,-0,0,0,0,0,-50,-290,0,180,0,360
5.16,0,-0,0,0,0,0,-190,320,0,180,0,360,0,-0,0,0,0,0,-50,-290,0,180,0,360
5.17,0,-0,0,0,0,0,-190,320,0,180,0,360,0,-0,0,0,0,0,-50,-290,0,180,0,360
5.18,0,-0,0,0,0,0,-190,320,0,180,0,360,0,-0,0,0,0,0,-50,-290,0,180,0,360
5.19,0,-0,0,0,0,0,-190,320,0,180,0,360,0,-0,0,0,0,0,-50,-290,0,180,0,360
5.2,0,-0,0,0,0,0,-190,320,0,180,0,360,0,-0,0,0,0,0,-50,-290,0,180,0,360
5.21,0,-0,0,0,0,0,-190,320,0,180,0,360,0,-0,0,0,0,0,-50,-290,0,180,0,360
5.22,0,-0,0,0,0,0,-190,320,0,180,0,360,0,-0,0,0,0,0,-50,-290,0,180,0,360
5.23,0,-0,0,0,0,0,-190,320,0,180,0,360,0,-0,0,0,0,0,-50,-290,0,180,0,360
5.24,0,-0,0,0,0,0,-190,320,0,180,0,360,0,-0,0,0,0,0,-50,-290,0,180,0,360
5.25,0,-0,0,0,0,0,-190,320,0,180,0,360,0,-0,0,0,0,0,-50,-290,0,180,0,360
5.26,0,-0,0,0,0,0,-190,320,0,180,0,360,0,-0,0,0,0,0,-50,-290,0,180,0,360
5.27,0,-0,0,0,0,0,-190,320,0,180,0,360,0,-0,0,0,0,0,-50,-290,0,180,0,360
5.28,0,-0,0,0,0,0,-190,320,0,180,0,360,0,-0,0,0,0,0,-50,-290,0,180,0,360
5.29,0,-0,0,0,0,0,-190,320,0,180,0,360,0,-0,0,0,0,0,-50,-290,0,180,0,360
5.3,0,-0,0,0,0,0,-190,320,0,180,0,360,0,-0,0,0,0,0,-50,-290,0,180,0,360
5.31,0,-0,0,0,0,0,-190,320,0,180,0,360,0,-0,0,0,0,0,-50,-290,0,180,0,360
5.32,0,-0,0,0,0,0,-190,320,0,180,0,360,0,-0,0,0,0,0,-50,-290,0,180,0,360
5.33,0,-0,0,0,0,0,-190,320,0,180,0,360,0,-0,0,0,0,0,-50,-290,0,180,0,360
5.34,0,-0,0,0,0,0,-190,320,0,180,0,360,0,-0,0,0,0,0,-50,-290,0,180,0,360
5.35,0,-0,0,0,0,0,-190,320,0,180,0,360,0,-0,0,0,0,0,-50,-290,0,180,0,360
5.36,0,-0,0,0,0,0,-190,320,0,180,0,360,0,-0,0,0,0,0,-50,-290,0,180,0,360
5.37,0,-0,0,0,0,0,-190,320,0,180,0,360,0,-0,0,0,0,0,-50,-290,0,180,0,360
5.38,0,-0,0,0,0,0,-190,320,0,180,0,360,0,-0,0,0,0,0,-50,-290,0,180,0,360
5.39,0,-0,0,0,0,0,-190,320,0,180,0,360,0,-0,0,0,0,0,-50,-290,0,180,0,360
5.4,0,-0,0,0,0,0,-190,320,0,180,0,360,0,-0,0,0,0,0,-50,-290,0,180,0,360
5.41,0,-0,0,0,0,0,-190,320,0,180,0,360,0,-0,0,0,0,0,-50,-290,0,180,0,360
5.42,0,-0,0,0,0,0,-190,320,0,180,0,360,0,-0,0,0,0,0,-50,-290,0,180,0,360
5.43,0,-0,0,0,0,0,-190,320,0,180,0,360,0,-0,0,0,0,0,-50,-290,0,180,0,360
5.44,0,-0,0,0,0,0,-190,320,0,180,0,360,0,-0,0,0,0,0,-50,-290,0,180,0,360
5.45,0,-0,0,0,0,0,-190,320,0,180,0,360,0,-0,0,0,0,0,-50,-290,0,180,0,360
5.46,0,-0,0,0,0,0,-190,320,0,180,0,360,0,-0,0,0,0,0,-50,-290,0,180,0,360
5.47,0,-0,0,0,0,0,-190,320,0,180,0,360,0,-0,0,0,0,0,-50,-290,0,180,0,360
5.48,0,-0,0,0,0,0,-190,320,0,180,0,360,0,-0,0,0,0,0,-50,-290,0,180,0,360
5.49,0,-0,0,0,0,0,-190,320,0,180,0,360,0,-0,0,0,0,0,-50,-290,0,180,0,360
5.5,0,-0,0,0,0,0,-190,320,0,180,0,360,0,-0,0,0,0,0,-50,-290,0,180,0,360
5.51,0,-0,0,0,0,0,-190,320,0,180,0,360,0,-0,0,0,0,0,-50,-290,0,180,0,360
5.52,0,-0,0,0,0,0,-190,320,0,180,0,360,0,-0,0,0,0,0,-50,-290,0,180,0,360
5.53,0,-0,0,0,0,0,-190,320,0,180,0,360,0,-0,0,0,0,0,-50,-290,0,180,0,360
5.54,0,-0,0,0,0,0,-190,320,0,180,0,360,0,-0,0,0,0,0,-50,-290,0,180,0,360
5.55,0,-0,0,0,0,0,-190,320,0,180,0,360,0,-0,0,0,0,0,-50,-290,0,180,0,360
5.56,0,-0,0,0,0,0,-190,320,0,180,0,360,0,-0,0,0,0,0,-50,-290,0,180,0,360
5.57,0,-0,0,0,0,0,-190,320,0,180,0,360,0,-0,0,0,0,0,-50,-290,0,180,0,360
5.58,0,-0,0,0,0,0,-190,320,0,180,0,360,0,-0,0,0,0,0,-50,-290,0,180,0,360
5.59,0,-0,0,0,0,0,-190,320,0,180,0,360,0,-0,0,0,0,0,-50,-290,0,180,0,360
5.6,0,-0,0,0,0,0,-190,320,0,180,0,360,0,-0,0,0,0,0,-50,-290,0,180,0,360
5.61,0,-0,0,0,0,0,-190,320,0,180,0,360,0,-0,0,0,0,0,-50,-290,0,180,0,360
5.62,0,-0,0,0,0,0,-190,320,0,180,0,360,0,-0,0,0,0,0,-50,-290,0,180,0,360
5.63,0,-0,0,0,0,0,-190,320,0,180,0,360,0,-0,0,0,0,0,-50,-290,0,180,0,360
5.64,0,-0,0,0,0,0,-190,320,0,180,0,360,0,-0,0,0,0,0,-50,-290,0,180,0,360
5.65,0,-0,0,0,0,0,-190,320,0,180,0,360,0,-0,0,0,0,0,-50,-290,0,180,0,360
5.66,0,-0,0,0,0,0,-190,320,0,180,0,360,0,-0,0,0,0,0,-50,-290,0,180,0,360
5.67,0,-0,0,0,0,0,-190,320,0,180,0,360,0,-0,0,0,0,0,-50,-290,0,180,0,360
5.68,0,-0,0,0,0,0,-190,320,0,180,0,360,0,-0,0,0,0,0,-50,-290,0,180,0,360
5.69,0,-0,0,0,0,0,-190,320,0,180,0,360,0,-0,0,0,0,0,-50,-290,0,180,0,360
5.7,0,-0,0,0,0,0,-190,320,0,180,0,360,0,-0,0,0,0,0,-50,-290,0,180,0,360
5.71,0,-0,0,0,0,0,-190,320,0,180,0,360,0,-0,0,0,0,0,-50,-290,0,180,0,360
5.72,0,-0,0,0,0,0,-190,320,0,180,0,360,0,-0,0,0,0,0,-50,-290,0,180,0,360
5.73,0,-0,0,0,0,0,-190,320,0,180,0,360,0,-0,0,0,0,0,-50,-290,0,180,0,360
5.74,0,-0,0,0,0,0,-190,320,0,180,0,360,0,-0,0,0,0,0,-50,-290,0,180,0,360
5.75,0,-0,0,0,0,0,-190,320,0,180,0,360,0,-0,0,0,0,0,-50,-290,0,180,0,360
5.76,0,-0,0,0,0,0,-190,320,0,180,0,360,0,-0,0,0,0,0,-50,-290,0,180,0,360
5.77,0,-0,0,0,0,0,-190,320,0,180,0,360,0,-0,0,0,0,0,-50,-290,0,180,0,360
5.78,0,-0,0,0,0,0,-190,320,0,180,0,360,0,-0,0,0,0,0,-50,-290,0,180,0,360
5.79,0,-0,0,0,0,0,-190,320,0,180,0,360,0,-0,0,0,0,0,-50,-290,0,180,0,360
5.8,0,-0,0,0,0,0,-190,320,0,180,0,360,0,-0,0,0,0,0,-50,-290,0,180,0,360
5.81,0,-0,0,0,0,0,-190,320,0,180,0,360,0,-0,0,0,0,0,-50,-290,0,180,0,360
5.82,0,-0,0,0,0,0,-190,320,0,180,0,360,0,-0,0,0,0,0,-50,-290,0,180,0,360
5.83,0,-0,0,0,0,0,-190,320,0,180,0,360,0,-0,0,0,0,0,-50,-290,0,180,0,360
5.84,0,-0,0,0,0,0,-190,320,0,180,0,360,0,-0,0,0,0,0,-50,-290,0,180,0,360
5.85,0,-0,0,0,0,0,-190,320,0,180,0,360,0,-0,0,0,0,0,-50,-290,0,180,0,360
5.86,0,-0,0,0,0,0,-190,320,0,180,0,360,0,-0,0,0,0,0,-50,-290,0,180,0,360
5.87,0,-0,0,0,0,0,-190,320,0,180,0,360,0,-0,0,0,0,0,-50,-290,0,180,0,360
5.88,0,-0,0,0,0,0,-190,320,0,180,0,360,0,-0,0,0,0,0,-50,-290,0,180,0,360
5.89,0,-0,0,0,0,0,-190,320,0,180,0,360,0,-0,0,0,0,0,-50,-290,0,180,0,360
5.9,0,-0,0,0,0,0,-190,320,0,180,0,360,0,-0,0,0,0,0,-50,-290,0,180,0,360
5.91,0,-0,0,0,0,0,-190,320,0,180,0,360,0,-0,0,0,0,0,-50,-290,0,180,0,360
5.92,0,-0,0,0,0,0,-190,320,0,180,0,360,0,-0,0,0,0,0,-50,-290,0,180,0,360
5.93,0,-0,0,0,0,0,-190,320,0,180,0,360,0,-0,0,0,0,0,-50,-290,0,180,0,360
5.94,0,-0,0,0,0,0,-190,320,0,180,0,360,0,-0,0,0,0,0,-50,-290,0,180,0,360
5.95,0,-0,0,0,0,0,-190,320,0,180,0,360,0,-0,0,0,0,0,-50,-290,0,180,0,360
5.96,0,-0,0,0,0,0,-190,320,0,180,0,360,0,-0,0,0,0,0,-50,-290,0,180,0,360
5.97,0,-0,0,0,0,0,-190,320,0,180,0,360,0,-0,0,0,0,0,-50,-290,0,180,0,360
5.98,0,-0,0,0,0,0,-190,320,0,180,0,360,0,-0,0,0,0,0,-50,-290,0,180,0,360
5.99,0,-0,0,0,0,0,-190,320,0,180,0,360,0,-0,0,0,0,0,-50,-290,0,180,0,360
6,0,-0,0,0,0,0,-190,320,0,180,0,360,0,-0,0,0,0,0,-50,-290,0,180,0,360
6.01,0,-0,0,0,0,0,-190,320,0,180,0,360,0,-0,0,0,0,0,-50,-290,0,180,0,360
6.02,0,-0,0,0,0,0,-190,320,0,180,0,360,0,-0,0,0,0,0,-50,-290,0,180,0,360
6.03,0,-0,0,0,0,0,-190,320,0,180,0,360,0,-0,0,0,0,0,-50,-290,0,180,0,360
6.04,0,-0,0,0,0,0,-190,320,0,180,0,360,0,-0,0,0,0,0,-50,-290,0,180,0,360
6.05,0,-0,0,0,0,0,-190,320,0,180,0,360,0,-0,0,0,0,0,-50,-290,0,180,0,360
6.06,0,-0,0,0,0,0,-190,320,0,180,0,360,0,-0,0,0,0,0,-50,-290,0,180,0,360
6.07,0,-0,0,0,0,0,-190,320,0,180,0,360,0,-0,0,0,0,0,-50,-290,0,180,0,360
6.08,0,-0,0,0,0,0,-190,320,0,180,0,360,0,-0,0,0,0,0,-50,-290,0,180,0,360
6.09,0,-0,0,0,0,0,-190,320,0,180,0,360,0,-0,0,0,0,0,-50,-290,0,180,0,360
6.1,0,-0,0,0,0,0,-190,320,0,180,0,360,0,-0,0,0,0,0,-50,-290,0,180,0,360
6.11,0,-0,0,0,0,0,-190,320,0,180,0,360,0,-0,0,0,0,0,-50,-290,0,180,0,360
6.12,0,-0,0,0,0,0,-190,320,0,180,0,360,0,-0,0,0,0,0,-50,-290,0,180,0,360
6.13,0,-0,0,0,0,0,-190,320,0,180,0,360,0,-0,0,0,0,0,-50,-290,0,180,0,360
6.14,0,-0,0,0,0,0,-190,320,0,180,0,360,0,-0,0,0,0,0,-50,-290,0,180,0,360
6.15,0,-0,0,0,0,0,-190,320,0,180,0,360,0,-0,0,0,0,0,-50,-290,0,180,0,360
6.16,0,-0,0,0,0,0,-190,320,0,180,0,360,0,-0,0,0,0,0,-50,-290,0,180,0,360
6.17,0,-0,0,0,0,0,-190,320,0,180,0,360,0,-0,0,0,0,0,-50,-290,0,180,0,360
6.18,0,-0,0,0,0,0,-190,320,0,180,0,360,0,-0,0,0,0,0,-50,-290,0,180,0,360
6.19,0,-0,0,0,0,0,-190,320,0,180,0,360,0,-0,0,0,0,0,-50,-290,0,180,0,360
6.2,0,-0,0,0,0,0,-190,320,0,180,0,360,0,-0,0,0,0,0,-50,-290,0,180,0,360
6.21,0,-0,0,0,0,0,-190,320,0,180,0,360,0,-0,0,0,0,0,-50,-290,0,180,0,360
6.22,0,-0,0,0,0,0,-190,320,0,180,0,360,0,-0,0,0,0,0,-50,-290,0,180,0,360
6.23,0,-0,0,0,0,0,-190,320,0,180,0,360,0,-0,0,0,0,0,-50,-290,0,180,0,360
6.24,0,-0,0,0,0,0,-190,320,0,180,0,360,0,-0,0,0,0,0,-50,-290,0,180,0,360
6.25,0,-0,0,0,0,0,-190,320,0,180,0,360,0,-0,0,0,0,0,-50,-290,0,180,0,360
6.26,0,-0,0,0,0,0,-190,320,0,180,0,360,0,-0,0,0,0,0,-50,-290,0,180,0,360
6.27,0,-0,0,0,0,0,-190,320,0,180,0,360,0,-0,0,0,0,0,-50,-290,0,180,0,360
6.28,0,-0,0,0,0,0,-190,320,0,180,0,360,0,-0,0,0,0,0,-50,-290,0,180,0,360
6.29,0,-0,0,0,0,0,-190,320,0,180,0,360,0,-0,0,0,0,0,-50,-290,0,180,0,360
6.3,0,-0,0,0,0,0,-190,320,0,180,0,360,0,-0,0,0,0,0,-50,-290,0,180,0,360
6.31,0,-0,0,0,0,0,-190,320,0,180,0,360,0,-0,0,0,0,0,-50,-290,0,180,0,360
6.32,0,-0,0,0,0,0,-190,320,0,180,0,360,0,-0,0,0,0,0,-50,-290,0,180,0,360
6.33,0,-0,0,0,0,0,-190,320,0,180,0,360,0,-0,0,0,0,0,-50,-290,0,180,0,360
6.34,0,-0,0,0,0,0,-190,320,0,180,0,360,0,-0,0,0,0,0,-50,-290,0,180,0,360
6.35,0,-0,0,0,0,0,-190,320,0,180,0,360,0,-0,0,0,0,0,-50,-290,0,180,0,360
6.36,0,-0,0,0,0,0,-190,320,0,180,0,360,0,-0,0,0,0,0,-50,-290,0,180,0,360
6.37,0,-0,0,0,0,0,-190,320,0,180,0,360,0,-0,0,0,0,0,-50,-290,0,180,0,360
6.38,0,-0,0,0,0,0,-190,320,0,180,0,360,0,-0,0,0,0,0,-50,-290,0,180,0,360
6.39,0,-0,0,0,0,0,-190,320,0,180,0,360,0,-0,0,0,0,0,-50,-290,0,180,0,360
6.4,0,-0,0,0,0,0,-190,320,0,180,0,360,0,-0,0,0,0,0,-50,-290,0,180,0,360
6.41,0,-0,0,0,0,0,-190,320,0,180,0,360,0,-0,0,0,0,0,-50,-290,0,180,0,360
6.42,0,-0,0,0,0,0,-190,320,0,180,0,360,0,-0,0,0,0,0,-50,-290,0,180,0,360
6.43,0,-0,0,0,0,0,-190,320,0,180,0,360,0,-0,0,0,0,0,-50,-290,0,180,0,360
6.44,0,-0,0,0,0,0,-190,320,0,180,0,360,0,-0,0,0,0,0,-50,-290,0,180,0,360
6.45,0,-0,0,0,0,0,-190,320,0,180,0,360,0,-0,0,0,0,0,-50,-290,0,180,0,360
6.46,0,-0,0,0,0,0,-190,320,0,180,0,360,0,-0,0,0,0,0,-50,-290,0,180,0,360
6.47,0,-0,0,0,0,0,-190,320,0,180,0,360,0,-0,0,0,0,0,-50,-290,0,180,0,360
6.48,0,-0,0,0,0,0,-190,320,0,180,0,360,0,-0,0,0,0,0,-50,-290,0,180,0,360
6.49,0,-0,0,0,0,0,-190,320,0,180,0,360,0,-0,0,0,0,0,-50,-290,0,180,0,360
6.5,0,-0,0,0,0,0,-190,320,0,180,0,360,0,-0,0,0,0,0,-50,-290,0,180,0,360
6.51,0,-0,0,0,0,0,-190,320,0,180,0,360,0,-0,0,0,0,0,-50,-290,0,180,0,360
6.52,0,-0,0,0,0,0,-190,320,0,180,0,360,0,-0,0,0,0,0,-50,-290,0,180,0,360
6.53,0,-0,0,0,0,0,-190,320,0,180,0,360,0,-0,0,0,0,0,-50,-290,0,180,0,360
6.54,0,-0,0,0,0,0,-190,320,0,180,0,360,0,-0,0,0,0,0,-50,-290,0,180,0,360
6.55,0,-0,0,0,0,0,-190,320,0,180,0,360,0,-0,0,0,0,0,-50,-290,0,180,0,360
6.56,0,-0,0,0,0,0,-190,320,0,180,0,360,0,-0,0,0,0,0,-50,-290,0,180,0,360
6.57,0,-0,0,0,0,0,-190,320,0,180,0,360,0,-0,0,0,0,0,-50,-290,0,180,0,360
6.58,0,-0,0,0,0,0,-190,320,0,180,0,360,0,-0,0,0,0,0,-50,-290,0,180,0,360
6.59,0,-0,0,0,0,0,-190,320,0,180,0,360,0,-0,0,0,0,0,-50,-290,0,180,0,360
6.6,0,-0,0,0,0,0,-190,320,0,180,0,360,0,-0,0,0,0,0,-50,-290,0,180,0,360
6.61,0,-0,0,0,0,0,-190,320,0,180,0,360,0,-0,0,0,0,0,-50,-290,0,180,0,360
6.62,0,-0,0,0,0,0,-190,320,0,180,0,360,0,-0,0,0,0,0,-50,-290,0,180,0,360
6.63,0,-0,0,0,0,0,-190,320,0,180,0,360,0,-0,0,0,0,0,-50,-290,0,180,0,360
6.64,0,-0,0,0,0,0,-190,320,0,180,0,360,0,-0,0,0,0,0,-50,-290,0,180,0,360
6.65,0,-0,0,0,0,0,-190,320,0,180,0,360,0,-0,0,0,0,0,-50,-290,0,180,0,360
6.66,0,-0,0,0,0,0,-190,320,0,180,0,360,0,-0,0,0,0,0,-50,-290,0,180,0,360
6.67,0,-0,0,0,0,0,-190,320,0,180,0,360,0,-0,0,0,0,0,-50,-290,0,180,0,360
6.68,0,-0,0,0,0,0,-190,320,0,180,0,360,0,-0,0,0,0,0,-50,-290,0,180,0,360
6.69,0,-0,0,0,0,0,-190,320,0,180,0,360,0,-0,0,0,0,0,-50,-290,0,180,0,360
6.7,0,-0,0,0,0,0,-190,320,0,180,0,360,0,-0,0,0,0,0,-50,-290,0,180,0,360
6.71,0,-0,0,0,0,0,-190,320,0,180,0,360,0,-0,0,0,0,0,-50,-290,0,180,0,360
6.72,0,-0,0,0,0,0,-190,320,0,180,0,360,0,-0,0,0,0,0,-50,-290,0,180,0,360
6.73,0,-0,0,0,0,0,-190,320,0,180,0,360,0,-0,0,0,0,0,-50,-290,0,180,0,360
6.74,0,-0,0,0,0,0,-190,320,0,180,0,360,0,-0,0,0,0,0,-50,-290,0,180,0,360
6.75,0,-0,0,0,0,0,-190,320,0,180,0,360,0,-0,0,0,0,0,-50,-290,0,180,0,360
6.76,0,-0,0,0,0,0,-190,320,0,180,0,360,0,-0,0,0,0,0,-50,-290,0,180,0,360
6.77,0,-0,0,0,0,0,-190,320,0,180,0,360,0,-0,0,0,0,0,-50,-290,0,180,0,360
6.78,0,-0,0,0,0,0,-190,320,0,180,0,360,0,-0,0,0,0,0,-50,-290,0,180,0,360
6.79,0,-0,0,0,0,0,-190,320,0,180,0,360,0,-0,0,0,0,0,-50,-290,0,180,0,360
6.8,0,-0,0,0,0,0,-190,320,0,180,0,360,0,-0,0,0,0,0,-50,-290,0,180,0,360
6.81,0,-0,0,0,0,0,-190,320,0,180,0,360,0,-0,0,0,0,0,-50,-290,0,180,0,360
6.82,0,-0,0,0,0,0,-190,320,0,180,0,360,0,-0,0,0,0,0,-50,-290,0,180,0,360
6.83,0,-0,0,0,0,0,-190,320,0,180,0,360,0,-0,0,0,0,0,-50,-290,0,180,0,360
6.84,0,-0,0,0,0,0,-190,320,0,180,0,360,0,-0,0,0,0,0,-50,-290,0,180,0,360
6.85,0,-0,0,0,0,0,-190,320,0,180,0,360,0,-0,0,0,0,0,-50,-290,0,180,0,360
6.86,0,-0,0,0,0,0,-190,320,0,180,0,360,0,-0,0,0,0,0,-50,-290,0,180,0,360
6.87,0,-0,0,0,0,0,-190,320,0,180,0,360,0,-0,0,0,0,0,-50,-290,0,180,0,360
6.88,0,-0,0,0,0,0,-190,320,0,180,0,360,0,-0,0,0,0,0,-50,-290,0,180,0,360
6.89,0,-0,0,0,0,0,-190,320,0,180,0,360,0,-0,0,0,0,0,-50,-290,0,180,0,360
6.9,0,-0,0,0,0,0,-190,320,0,180,0,360,0,-0,0,0,0,0,-50,-290,0,180,0,360
6.91,0,-0,0,0,0,0,-190,320,0,180,0,360,0,-0,0,0,0,0,-50,-290,0,180,0,360
6.92,0,-0,0,0,0,0,-190,320,0,180,0,360,0,-0,0,0,0,0,-50,-290,0,180,0,360
6.93,0,-0,0,0,0,0,-190,320,0,180,0,360,0,-0,0,0,0,0,-50,-290,0,180,0,360
6.94,0,-0,0,0,0,0,-190,320,0,180,0,360,0,-0,0,0,0,0,-50,-290,0,180,0,360
6.95,0,-0,0,0,0,0,-190,320,0,180,0,360,0,-0,0,0,0,0,-50,-290,0,180,0,360
6.96,0,-0,0,0,0,0,-190,320,0,180,0,360,0,-0,0,0,0,0,-50,-290,0,180,0,360
6.97,0,-0,0,0,0,0,-190,320,0,180,0,360,0,-0,0,0,0,0,-50,-290,0,180,0,360
6.98,0,-0,0,0,0,0,-190,320,0,180,0,360,0,-0,0,0,0,0,-50,-290,0,180,0,360
6.99,0,-0,0,0,0,0,-190,320,0,180,0,360,0,-0,0,0,0,0,-50,-290,0,180,0,360
7,0,-0,0,0,0,0,-190,320,0,180,0,360,0,-0,0,0,0,0,-50,-290,0,180,0,360
7.01,0,-0,0,0,0,0,-190,320,0,180,0,360,0,-0,0,0,0,0,-50,-290,0,180,0,360
7.02,0,-0,0,0,0,0,-190,320,0,180,0,360,0,-0,0,0,0,0,-50,-290,0,180,0,360
7.03,0,-0,0,0,0,0,-190,320,0,180,0,360,0,-0,0,0,0,0,-50,-290,0,180,0,360
7.04,0,-0,0,0,0,0,-190,320,0,180,0,360,0,-0,0,0,0,0,-50,-290,0,180,0,360
7.05,0,-0,0,0,0,0,-190,320,0,180,0,360,0,-0,0,0,0,0,-50,-290,0,180,0,360
7.06,0,-0,0,0,0,0,-190,320,0,180,0,360,0,-0,0,0,0,0,-50,-290,0,180,0,360
7.07,0,-0,0,0,0,0,-190,320,0,180,0,360,0,-0,0,0,0,0,-50,-290,0,180,0,360
7.08,0,-0,0,0,0,0,-190,320,0,180,0,360,0,-0,0,0,0,0,-50,-290,0,180,0,360
7.09,0,-0,0,0,0,0,-190,320,0,180,0,360,0,-0,0,0,0,0,-50,-290,0,180,0,360
7.1,0,-0,0,0,0,0,-190,320,0,180,0,360,0,-0,0,0,0,0,-50,-290,0,180,0,360
7.11,0,-0,0,0,0,0,-190,320,0,180,0,360,0,-0,0,0,0,0,-50,-290,0,180,0,360
7.12,0,-0,0,0,0,0,-190,320,0,180,0,360,0,-0,0,0,0,0,-50,-290,0,180,0,360
7.13,0,-0,0,0,0,0,-190,320,0,180,0,360,0,-0,0,0,0,0,-50,-290,0,180,0,360
7.14,0,-0,0,0,0,0,-190,320,0,180,0,360,0,-0,0,0,0,0,-50,-290,0,180,0,360
7.15,0,-0,0,0,0,0,-190,320,0,180,0,360,0,-0,0,0,0,0,-50,-290,0,180,0,360
7.16,0,-0,0,0,0,0,-190,320,0,180,0,360,0,-0,0,0,0,0,-50,-290,0,180,0,360
7.17,0,-0,0,0,0,0,-190,320,0,180,0,360,0,-0,0,0,0,0,-50,-290,0,180,0,360
7.18,0,-0,0,0,0,0,-190,320,0,180,0,360,0,-0,0,0,0,0,-50,-290,0,180,0,360
7.19,0,-0,0,0,0,0,-190,320,0,180,0,360,0,-0,0,0,0,0,-50,-290,0,180,0,360
7.2,0,-0,0,0,0,0,-190,320,0,180,0,360,0,-0,0,0,0,0,-50,-290,0,180,0,360
7.21,0,-0,0,0,0,0,-190,320,0,180,0,360,0,-0,0,0,0,0,-50,-290,0,180,0,360
7.22,0,-0,0,0,0,0,-190,320,0,180,0,360,0,-0,0,0,0,0,-50,-290,0,180,0,360
7.23,0,-0,0,0,0,0,-190,320,0,180,0,360,0,-0,0,0,0,0,-50,-290,0,180,0,360
7.24,0,-0,0,0,0,0,-190,320,0,180,0,360,0,-0,0,0,0,0,-50,-290,0,180,0,360
7.25,0,-0,0,0,0,0,-190,320,0,180,0,360,0,-0,0,0,0,0,-50,-290,0,180,0,360
7.26,0,-0,0,0,0,0,-190,320,0,180,0,360,0,-0,0,0,0,0,-50,-290,0,180,0,360
7.27,0,-0,0,0,0,0,-190,320,0,180,0,360,0,-0,0,0,0,0,-50,-290,0,180,0,360
7.28,0,-0,0,0,0,0,-190,320,0,180,0,360,0,-0,0,0,0,0,-50,-290,0,180,0,360
7.29,0,-0,0,0,0,0,-190,320,0,180,0,360,0,-0,0,0,0,0,-50,-290,0,180,0,360
7.3,0,-0,0,0,0,0,-190,320,0,180,0,360,0,-0,0,0,0,0,-50,-290,0,180,0,360
7.31,0,-0,0,0,0,0,-190,320,0,180,0,360,0,-0,0,0,0,0,-50,-290,0,180,0,360
7.32,0,-0,0,0,0,0,-190,320,0,180,0,360,0,-0,0,0,0,0,-50,-290,0,180,0,360
7.33,0,-0,0,0,0,0,-190,320,0,180,0,360,0,-0,0,0,0,0,-50,-290,0,180,0,360
7.34,0,-0,0,0,0,0,-190,320,0,180,0,360,0,-0,0,0,0,0,-50,-290,0,180,0,360
7.35,0,-0,0,0,0,0,-190,320,0,180,0,360,0,-0,0,0,0,0,-50,-290,0,180,0,360
7.36,0,-0,0,0,0,0,-190,320,0,180,0,360,0,-0,0,0,0,0,-50,-290,0,180,0,360
7.37,0,-0,0,0,0,0,-190,320,0,180,0,360,0,-0,0,0,0,0,-50,-290,0,180,0,360
7.38,0,-0,0,0,0,0,-190,320,0,180,0,360,0,-0,0,0,0,0,-50,-290,0,180,0,360
7.39,0,-0,0,0,0,0,-190,320,0,180,0,360,0,-0,0,0,0,0,-50,-290,0,180,0,360
7.4,0,-0,0,0,0,0,-190,320,0,180,0,360,0,-0,0,0,0,0,-50,-290,0,180,0,360
7.41,0,-0,0,0,0,0,-190,320,0,180,0,360,0,-0,0,0,0,0,-50,-290,0,180,0,360
7.42,0,-0,0,0,0,0,-190,320,0,180,0,360,0,-0,0,0,0,0,-50,-290,0,180,0,360
7.43,0,-0,0,0,0,0,-190,320,0,180,0,360,0,-0,0,0,0,0,-50,-290,0,180,0,360
7.44,0,-0,0,0,0,0,-190,320,0,180,0,360,0,-0,0,0,0,0,-50,-290,0,180,0,360
7.45,0,-0,0,0,0,0,-190,320,0,180,0,360,0,-0,0,0,0,0,-50,-290,0,180,0,360
7.46,0,-0,0,0,0,0,-190,320,0,180,0,360,0,-0,0,0,0,0,-50,-290,0,180,0,360
7.47,0,-0,0,0,0,0,-190,320,0,180,0,360,0,-0,0,0,0,0,-50,-290,0,180,0,360
7.48,0,-0,0,0,0,0,-190,320,0,180,0,360,0,-0,0,0,0,0,-50,-290,0,180,0,360
7.49,0,-0,0,0,0,0,-190,320,0,180,0,360,0,-0,0,0,0,0,-50,-290,0,180,0,360
7.5,0,-0,0,0,0,0,-190,320,0,180,0,360,0,-0,0,0,0,0,-50,-290,0,180,0,360
7.51,0,-0,0,0,0,0,-190,320,0,180,0,360,0,-0,0,0,0,0,-50,-290,0,180,0,360
7.52,0,-0,0,0,0,0,-190,320,0,180,0,360,0,-0,0,0,0,0,-50,-290,0,180,0,360
7.53,0,-0,0,0,0,0,-190,320,0,180,0,360,0,-0,0,0,0,0,-50,-290,0,180,0,360
7.54,0,-0,0,0,0,0,-190,320,0,180,0,360,0,-0,0,0,0,0,-50,-290,0,180,0,360
7.55,0,-0,0,0,0,0,-190,320,0,180,0,360,0,-0,0,0,0,0,-50,-290,0,180,0,360
7.56,0,-0,0,0,0,0,-190,320,0,180,0,360,0,-0,0,0,0,0,-50,-290,0,180,0,360
7.57,0,-0,0,0,0,0,-190,320,0,180,0,360,0,-0,0,0,0,0,-50,-290,0,180,0,360
7.58,0,-0,0,0,0,0,-190,320,0,180,0,360,0,-0,0,0,0,0,-50,-290,0,180,0,360
7.59,0,-0,0,0,0,0,-190,320,0,180,0,360,0,-0,0,0,0,0,-50,-290,0,180,0,360
7.6,0,-0,0,0,0,0,-190,320,0,180,0,360,0,-0,0,0,0,0,-50,-290,0,180,0,360
7.61,0,-0,0,0,0,0,-190,320,0,180,0,360,0,-0,0,0,0,0,-50,-290,0,180,0,360
7.62,0,-0,0,0,0,0,-190,320,0,180,0,360,0,-0,0,0,0,0,-50,-290,0,180,0,360
7.63,0,-0,0,0,0,0,-190,320,0,180,0,360,0,-0,0,0,0,0,-50,-290,0,180,0,360
7.64,0,-0,0,0,0,0,-190,320,0,180,0,360,0,-0,0,0,0,0,-50,-290,0,180,0,360
7.65,0,-0,0,0,0,0,-190,320,0,180,0,360,0,-0,0,0,0,0,-50,-290,0,180,0,360
7.66,0,-0,0,0,0,0,-190,320,0,180,0,360,0,-0,0,0,0,0,-50,-290,0,180,0,360
7.67,0,-0,0,0,0,0,-190,320,0,180,0,360,0,-0,0,0,0,0,-50,-290,0,180,0,360
7.68,0,-0,0,0,0,0,-190,320,0,180,0,360,0,-0,0,0,0,0,-50,-290,0,180,0,360
7.69,0,-0,0,0,0,0,-190,320,0,180,0,360,0,-0,0,0,0,0,-50,-290,0,180,0,360
7.7,0,-0,0,0,0,0,-190,320,0,180,0,360,0,-0,0,0,0,0,-50,-290,0,180,0,360
7.71,0,-0,0,0,0,0,-190,320,0,180,0,360,0,-0,0,0,0,0,-50,-290,0,180,0,360
7.72,0,-0,0,0,0,0,-190,320,0,180,0,360,0,-0,0,0,0,0,-50,-290,0,180,0,360
7.73,0,-0,0,0,0,0,-190,320,0,180,0,360,0,-0,0,0,0,0,-50,-290,0,180,0,360
7.74,0,-0,0,0,0,0,-190,320,0,180,0,360,0,-0,0,0,0,0,-50,-290,0,180,0,360
7.75,0,-0,0,0,0,0,-190,320,0,180,0,360,0,-0,0,0,0,0,-50,-290,0,180,0,360
7.76,0,-0,0,0,0,0,-190,320,0,180,0,360,0,-0,0,0,0,0,-50,-290,0,180,0,360
7.77,0,-0,0,0,0,0,-190,320,0,180,0,360,0,-0,0,0,0,0,-50,-290,0,180,0,360
7.78,0,-0,0,0,0,0,-190,320,0,180,0,360,0,-0,0,0,0,0,-50,-290,0,180,0,360
7.79,0,-0,0,0,0,0,-190,320,0,180,0,360,0,-0,0,0,0,0,-50,-290,0,180,0,360
7.8,0,-0,0,0,0,0,-190,320,0,180,0,360,0,-0,0,0,0,0,-50,-290,0,180,0,360
7.81,0,-0,0,0,0,0,-190,320,0,180,0,360,0,-0,0,0,0,0,-50,-290,0,180,0,360
7.82,0,-0,0,0,0,0,-190,320,0,180,0,360,0,-0,0,0,0,0,-50,-290,0,180,0,360
7.83,0,-0,0,0,0,0,-190,320,0,180,0,360,0,-0,0,0,0,0,-50,-290,0,180,0,360
7.84,0,-0,0,0,0,0,-190,320,0,180,0,360,0,-0,0,0,0,0,-50,-290,0,180,0,360
7.85,0,-0,0,0,0,0,-190,320,0,180,0,360,0,-0,0,0,0,0,-50,-290,0,180,0,360
7.86,0,-0,0,0,0,0,-190,320,0,180,0,360,0,-0,0,0,0,0,-50,-290,0,180,0,360
7.87,0,-0,0,0,0,0,-190,320,0,180,0,360,0,-0,0,0,0,0,-50,-290,0,180,0,360
7.88,0,-0,0,0,0,0,-190,320,0,180,0,360,0,-0,0,0,0,0,-50,-290,0,180,0,360
7.89,0,-0,0,0,0,0,-190,320,0,180,0,360,0,-0,0,0,0,0,-50,-290,0,180,0,360
7.9,0,-0,0,0,0,0,-190,320,0,180,0,360,0,-0,0,0,0,0,-50,-290,0,180,0,360
7.91,0,-0,0,0,0,0,-190,320,0,180,0,360,0,-0,0,0,0,0,-50,-290,0,180,0,360
7.92,0,-0,0,0,0,0,-190,320,0,180,0,360,0,-0,0,0,0,0,-50,-290,0,180,0,360
7.93,0,-0,0,0,0,0,-190,320,0,180,0,360,0,-0,0,0,0,0,-50,-290,0,180,0,360
7.94,0,-0,0,0,0,0,-190,320,0,180,0,360,0,-0,0,0,0,0,-50,-290,0,180,0,360
7.95,0,-0,0,0,0,0,-190,320,0,180,0,360,0,-0,0,0,0,0,-50,-290,0,180,0,360
7.96,0,-0,0,0,0,0,-190,320,0,180,0,360,0,-0,0,0,0,0,-50,-290,0,180,0,360
7.97,0,-0,0,0,0,0,-190,320,0,180,0,360,0,-0,0,0,0,0,-50,-290,0,180,0,360
7.98,0,-0,0,0,0,0,-190,320,0,180,0,360,0,-0,0,0,0,0,-50,-290,0,180,0,360
7.99,0,-0,0,0,0,0,-190,320,0,180,0,360,0,-0,0,0,0,0,-50,-290,0,180,0,360
8,0,-0,0,0,0,0,-190,320,0,180,0,360,0,-0,0,0,0,0,-50,-290,0,180,0,360
8.01,0,-0,0,0,0,0,-190,320,0,180,0,360,0,-0,0,0,0,0,-50,-290,0,180,0,360
8.02,0,-0,0,0,0,0,-190,320,0,180,0,360,0,-0,0,0,0,0,-50,-290,0,180,0,360
8.03,0,-0,0,0,0,0,-190,320,0,180,0,360,0,-0,0,0,0,0,-50,-290,0,180,0,360
8.04,0,-0,0,0,0,0,-190,320,0,180,0,360,0,-0,0,0,0,0,-50,-290,0,180,0,360
8.05,0,-0,0,0,0,0,-190,320,0,180,0,360,0,-0,0,0,0,0,-50,-290,0,180,0,360
8.06,0,-0,0,0,0,0,-190,320,0,180,0,360,0,-0,0,0,0,0,-50,-290,0,180,0,360
8.07,0,-0,0,0,0,0,-190,320,0,180,0,360,0,-0,0,0,0,0,-50,-290,0,180,0,360
8.08,0,-0,0,0,0,0,-190,320,0,180,0,360,0,-0,0,0,0,0,-50,-290,0,180,0,360
8.09,0,-0,0,0,0,0,-190,320,0,180,0,360,0,-0,0,0,0,0,-50,-290,0,180,0,360
8.1,0,-0,0,0,0,0,-190,320,0,180,0,360,0,-0,0,0,0,0,-50,-290,0,180,0,360
8.11,0,-0,0,0,0,0,-190,320,0,180,0,360,0,-0,0,0,0,0,-50,-290,0,180,0,360
8.12,0,-0,0,0,0,0,-190,320,0,180,0,360,0,-0,0,0,0,0,-50,-290,0,180,0,360
8.13,0,-0,0,0,0,0,-190,320,0,180,0,360,0,-0,0,0,0,0,-50,-290,0,180,0,360
8.14,0,-0,0,0,0,0,-190,320,0,180,0,360,0,-0,0,0,0,0,-50,-290,0,180,0,360
8.15,0,-0,0,0,0,0,-190,320,0,180,0,360,0,-0,0,0,0,0,-50,-290,0,180,0,360
8.16,0,-0,0,0,0,0,-190,320,0,180,0,360,0,-0,0,0,0,0,-50,-290,0,180,0,360
8.17,0,-0,0,0,0,0,-190,320,0,180,0,360,0,-0,0,0,0,0,-50,-290,0,180,0,360
8.18,0,-0,0,0,0,0,-190,320,0,180,0,360,0,-0,0,0,0,0,-50,-290,0,180,0,360
8.19,0,-0,0,0,0,0,-190,320,0,180,0,360,0,-0,0,0,0,0,-50,-290,0,180,0,360
8.2,0,-0,0,0,0,0,-190,320,0,180,0,360,0,-0,0,0,0,0,-50,-290,0,180,0,360
8.21,0,-0,0,0,0,0,-190,320,0,180,0,360,0,-0,0,0,0,0,-50,-290,0,180,0,360
8.22,0,-0,0,0,0,0,-190,320,0,180,0,360,0,-0,0,0,0,0,-50,-290,0,180,0,360
8.23,0,-0,0,0,0,0,-190,320,0,180,0,360,0,-0,0,0,0,0,-50,-290,0,180,0,360
8.24,0,-0,0,0,0,0,-190,320,0,180,0,360,0,-0,0,0,0,0,-50,-290,0,180,0,360
8.25,0,-0,0,0,0,0,-190,320,0,180,0,360,0,-0,0,0,0,0,-50,-290,0,180,0,360
8.26,0,-0,0,0,0,0,-190,320,0,180,0,360,0,-0,0,0,0,0,-50,-290,0,180,0,360
8.27,0,-0,0,0,0,0,-190,320,0,180,0,360,0,-0,0,0,0,0,-50,-290,0,180,0,360
8.28,0,-0,0,0,0,0,-190,320,0,180,0,360,0,-0,0,0,0,0,-50,-290,0,180,0,360
8.29,0,-0,0,0,0,0,-190,320,0,180,0,360,0,-0,0,0,0,0,-50,-290,0,180,0,360
8.3,0,-0,0,0,0,0,-190,320,0,180,0,360,0,-0,0,0,0,0,-50,-290,0,180,0,360
8.31,0,-0,0,0,0,0,-190,320,0,180,0,360,0,-0,0,0,0,0,-50,-290,0,180,0,360
8.32,0,-0,0,0,0,0,-190,320,0,180,0,360,0,-0,0,0,0,0,-50,-290,0,180,0,360
8.33,0,-0,0,0,0,0,-190,320,0,180,0,360,0,-0,0,0,0,0,-50,-290,0,180,0,360
8.34,0,-0,0,0,0,0,-190,320,0,180,0,360,0,-0,0,0,0,0,-50,-290,0,180,0,360
8.35,0,-0,0,0,0,0,-190,320,0,180,0,360,0,-0,0,0,0,0,-50,-290,0,180,0,360
8.36,0,-0,0,0,0,0,-190,320,0,180,0,360,0,-0,0,0,0,0,-50,-290,0,180,0,360
8.37,0,-0,0,0,0,0,-190,320,0,180,0,360,0,-0,0,0,0,0,-50,-290,0,180,0,360
8.38,0,-0,0,0,0,0,-190,320,0,180,0,360,0,-0,0,0,0,0,-50,-290,0,180,0,360
8.39,0,-0,0,0,0,0,-190,320,0,180,0,360,0,-0,0,0,0,0,-50,-290,0,180,0,360
8.4,0,-0,0,0,0,0,-190,320,0,180,0,360,0,-0,0,0,0,0,-50,-290,0,180,0,360
8.41,0,-0,0,0,0,0,-190,320,0,180,0,360,0,-0,0,0,0,0,-50,-290,0,180,0,360
8.42,0,-0,0,0,0,0,-190,320,0,180,0,360,0,-0,0,0,0,0,-50,-290,0,180,0,360
8.43,0,-0,0,0,0,0,-190,320,0,180,0,360,0,-0,0,0,0,0,-50,-290,0,180,0,360
8.44,0,-0,0,0,0,0,-190,320,0,180,0,360,0,-0,0,0,0,0,-50,-290,0,180,0,360
8.45,0,-0,0,0,0,0,-190,320,0,180,0,360,0,-0,0,0,0,0,-50,-290,0,180,0,360
8.46,0,-0,0,0,0,0,-190,320,0,180,0,360,0,-0,0,0,0,0,-50,-290,0,180,0,360
8.47,0,-0,0,0,0,0,-190,320,0,180,0,360,0,-0,0,0,0,0,-50,-290,0,180,0,360
8.48,0,-0,0,0,0,0,-190,320,0,180,0,360,0,-0,0,0,0,0,-50,-290,0,180,0,360
8.49,0,-0,0,0,0,0,-190,320,0,180,0,360,0,-0,0,0,0,0,-50,-290,0,180,0,360
8.5,0,-0,0,0,0,0,-190,320,0,180,0,360,0,-0,0,0,0,0,-50,-290,0,180,0,360
8.51,0,-0,0,0,0,0,-190,320,0,180,0,360,0,-0,0,0,0,0,-50,-290,0,180,0,360
8.52,0,-0,0,0,0,0,-190,320,0,180,0,360,0,-0,0,0,0,0,-50,-290,0,180,0,360
8.53,0,-0,0,0,0,0,-190,320,0,180,0,360,0,-0,0,0,0,0,-50,-290,0,180,0,360
8.54,0,-0,0,0,0,0,-190,320,0,180,0,360,0,-0,0,0,0,0,-50,-290,0,180,0,360
8.55,0,-0,0,0,0,0,-190,320,0,180,0,360,0,-0,0,0,0,0,-50,-290,0,180,0,360
8.56,0,-0,0,0,0,0,-190,320,0,180,0,360,0,-0,0,0,0,0,-50,-290,0,180,0,360
8.57,0,-0,0,0,0,0,-190,320,0,180,0,360,0,-0,0,0,0,0,-50,-290,0,180,0,360
8.58,0,-0,0,0,0,0,-190,320,0,180,0,360,0,-0,0,0,0,0,-50,-290,0,180,0,360
8.59,0,-0,0,0,0,0,-190,320,0,180,0,360,0,-0,0,0,0,0,-50,-290,0,180,0,360
8.6,0,-0,0,0,0,0,-190,320,0,180,0,360,0,-0,0,0,0,0,-50,-290,0,180,0,360
8.61,0,-0,0,0,0,0,-190,320,0,180,0,360,0,-0,0,0,0,0,-50,-290,0,180,0,360
8.62,0,-0,0,0,0,0,-190,320,0,180,0,360,0,-0,0,0,0,0,-50,-290,0,180,0,360
8.63,0,-0,0,0,0,0,-190,320,0,180,0,360,0,-0,0,0,0,0,-50,-290,0,180,0,360
8.64,0,-0,0,0,0,0,-190,320,0,180,0,360,0,-0,0,0,0,0,-50,-290,0,180,0,360
8.65,0,-0,0,0,0,0,-190,320,0,180,0,360,0,-0,0,0,0,0,-50,-290,0,180,0,360
8.66,0,-0,0,0,0,0,-190,320,0,180,0,360,0,-0,0,0,0,0,-50,-290,0,180,0,360
8.67,0,-0,0,0,0,0,-190,320,0,180,0,360,0,-0,0,0,0,0,-50,-290,0,180,0,360
8.68,0,-0,0,0,0,0,-190,320,0,180,0,360,0,-0,0,0,0,0,-50,-290,0,180,0,360
8.69,0,-0,0,0,0,0,-190,320,0,180,0,360,0,-0,0,0,0,0,-50,-290,0,180,0,360
8.7,0,-0,0,0,0,0,-190,320,0,180,0,360,0,-0,0,0,0,0,-50,-290,0,180,0,360
8.71,0,-0,0,0,0,0,-190,320,0,180,0,360,0,-0,0,0,0,0,-50,-290,0,180,0,360
8.72,0,-0,0,0,0,0,-190,320,0,180,0,360,0,-0,0,0,0,0,-50,-290,0,180,0,360
8.73,0,-0,0,0,0,0,-190,320,0,180,0,360,0,-0,0,0,0,0,-50,-290,0,180,0,360
8.74,0,-0,0,0,0,0,-190,320,0,180,0,360,0,-0,0,0,0,0,-50,-290,0,180,0,360
8.75,0,-0,0,0,0,0,-190,320,0,180,0,360,0,-0,0,0,0,0,-50,-290,0,180,0,360
8.76,0,-0,0,0,0,0,-190,320,0,180,0,360,0,-0,0,0,0,0,-50,-290,0,180,0,360
8.77,0,-0,0,0,0,0,-190,320,0,180,0,360,0,-0,0,0,0,0,-50,-290,0,180,0,360
8.78,0,-0,0,0,0,0,-190,320,0,180,0,360,0,-0,0,0,0,0,-50,-290,0,180,0,360
8.79,0,-0,0,0,0,0,-190,320,0,180,0,360,0,-0,0,0,0,0,-50,-290,0,180,0,360
8.8,0,-0,0,0,0,0,-190,320,0,180,0,360,0,-0,0,0,0,0,-50,-290,0,180,0,360
8.81,0,-0,0,0,0,0,-190,320,0,180,0,360,0,-0,0,0,0,0,-50,-290,0,180,0,360
8.82,0,-0,0,0,0,0,-190,320,0,180,0,360,0,-0,0,0,0,0,-50,-290,0,180,0,360
8.83,0,-0,0,0,0,0,-190,320,0,180,0,360,0,-0,0,0,0,0,-50,-290,0,180,0,360
8.84,0,-0,0,0,0,0,-190,320,0,180,0,360,0,-0,0,0,0,0,-50,-290,0,180,0,360
8.85,0,-0,0,0,0,0,-190,320,0,180,0,360,0,-0,0,0,0,0,-50,-290,0,180,0,360
8.86,0,-0,0,0,0,0,-190,320,0,180,0,360,0,-0,0,0,0,0,-50,-290,0,180,0,360
8.87,0,-0,0,0,0,0,-190,320,0,180,0,360,0,-0,0,0,0,0,-50,-290,0,180,0,360
8.88,0,-0,0,0,0,0,-190,320,0,180,0,360,0,-0,0,0,0,0,-50,-290,0,180,0,360
8.89,0,-0,0,0,0,0,-190,320,0,180,0,360,0,-0,0,0,0,0,-50,-290,0,180,0,360
8.9,0,-0,0,0,0,0,-190,320,0,180,0,360,0,-0,0,0,0,0,-50,-290,0,180,0,360
8.91,0,-0,0,0,0,0,-190,320,0,180,0,360,0,-0,0,0,0,0,-50,-290,0,180,0,360
8.92,0,-0,0,0,0,0,-190,320,0,180,0,360,0,-0,0,0,0,0,-50,-290,0,180,0,360
8.93,0,-0,0,0,0,0,-190,320,0,180,0,360,0,-0,0,0,0,0,-50,-290,0,180,0,360
8.94,0,-0,0,0,0,0,-190,320,0,180,0,360,0,-0,0,0,0,0,-50,-290,0,180,0,360
8.95,0,-0,0,0,0,0,-190,320,0,180,0,360,0,-0,0,0,0,0,-50,-290,0,180,0,360
8.96,0,-0,0,0,0,0,-190,320,0,180,0,360,0,-0,0,0,0,0,-50,-290,0,180,0,360
8.97,0,-0,0,0,0,0,-190,320,0,180,0,360,0,-0,0,0,0,0,-50,-290,0,180,0,360
8.98,0,-0,0,0,0,0,-190,320,0,180,0,360,0,-0,0,0,0,0,-50,-290,0,180,0,360
8.99,0,-0,0,0,0,0,-190,320,0,180,0,360,0,-0,0,0,0,0,-50,-290,0,180,0,360
9,0,-0,0,0,0,0,-190,320,0,180,0,360,0,-0,0,0,0,0,-50,-290,0,180,0,360
9.01,0,-0,0,0,0,0,-190,320,0,180,0,360,0,-0,0,0,0,0,-50,-290,0,180,0,360
9.02,0,-0,0,0,0,0,-190,320,0,180,0,360,0,-0,0,0,0,0,-50,-290,0,180,0,360
9.03,0,-0,0,0,0,0,-190,320,0,180,0,360,0,-0,0,0,0,0,-50,-290,0,180,0,360
9.04,0,-0,0,0,0,0,-190,320,0,180,0,360,0,-0,0,0,0,0,-50,-290,0,180,0,360
9.05,0,-0,0,0,0,0,-190,320,0,180,0,360,0,-0,0,0,0,0,-50,-290,0,180,0,360
9.06,0,-0,0,0,0,0,-190,320,0,180,0,360,0,-0,0,0,0,0,-50,-290,0,180,0,360
9.07,0,-0,0,0,0,0,-190,320,0,180,0,360,0,-0,0,0,0,0,-50,-290,0,180,0,360
9.08,0,-0,0,0,0,0,-190,320,0,180,0,360,0,-0,0,0,0,0,-50,-290,0,180,0,360
9.09,0,-0,0,0,0,0,-190,320,0,180,0,360,0,-0,0,0,0,0,-50,-290,0,180,0,360
9.1,0,-0,0,0,0,0,-190,320,0,180,0,360,0,-0,0,0,0,0,-50,-290,0,180,0,360
9.11,0,-0,0,0,0,0,-190,320,0,180,0,360,0,-0,0,0,0,0,-50,-290,0,180,0,360
9.12,0,-0,0,0,0,0,-190,320,0,180,0,360,0,-0,0,0,0,0,-50,-290,0,180,0,360
9.13,0,-0,0,0,0,0,-190,320,0,180,0,360,0,-0,0,0,0,0,-50,-290,0,180,0,360
9.14,0,-0,0,0,0,0,-190,320,0,180,0,360,0,-0,0,0,0,0,-50,-290,0,180,0,360
9.15,0,-0,0,0,0,0,-190,320,0,180,0,360,0,-0,0,0,0,0,-50,-290,0,180,0,360
9.16,0,-0,0,0,0,0,-190,320,0,180,0,360,0,-0,0,0,0,0,-50,-290,0,180,0,360
9.17,0,-0,0,0,0,0,-190,320,0,180,0,360,0,-0,0,0,0,0,-50,-290,0,180,0,360
9.18,0,-0,0,0,0,0,-190,320,0,180,0,360,0,-0,0,0,0,0,-50,-290,0,180,0,360
9.19,0,-0,0,0,0,0,-190,320,0,180,0,360,0,-0,0,0,0,0,-50,-290,0,180,0,360
9.2,0,-0,0,0,0,0,-190,320,0,180,0,360,0,-0,0,0,0,0,-50,-290,0,180,0,360
9.21,0,-0,0,0,0,0,-190,320,0,180,0,360,0,-0,0,0,0,0,-50,-290,0,180,0,360
9.22,0,-0,0,0,0,0,-190,320,0,180,0,360,0,-0,0,0,0,0,-50,-290,0,180,0,360
9.23,0,-0,0,0,0,0,-190,320,0,180,0,360,0,-0,0,0,0,0,-50,-290,0,180,0,360
9.24,0,-0,0,0,0,0,-190,320,0,180,0,360,0,-0,0,0,0,0,-50,-290,0,180,0,360
9.25,0,-0,0,0,0,0,-190,320,0,180,0,360,0,-0,0,0,0,0,-50,-290,0,180,0,360
9.26,0,-0,0,0,0,0,-190,320,0,180,0,360,0,-0,0,0,0,0,-50,-290,0,180,0,360
9.27,0,-0,0,0,0,0,-190,320,0,180,0,360,0,-0,0,0,0,0,-50,-290,0,180,0,360
9.28,0,-0,0,0,0,0,-190,320,0,180,0,360,0,-0,0,0,0,0,-50,-290,0,180,0,360
9.29,0,-0,0,0,0,0,-190,320,0,180,0,360,0,-0,0,0,0,0,-50,-290,0,180,0,360
9.3,0,-0,0,0,0,0,-190,320,0,180,0,360,0,-0,0,0,0,0,-50,-290,0,180,0,360
9.31,0,-0,0,0,0,0,-190,320,0,180,0,360,0,-0,0,0,0,0,-50,-290,0,180,0,360
9.32,0,-0,0,0,0,0,-190,320,0,180,0,360,0,-0,0,0,0,0,-50,-290,0,180,0,360
9.33,0,-0,0,0,0,0,-190,320,0,180,0,360,0,-0,0,0,0,0,-50,-290,0,180,0,360
9.34,0,-0,0,0,0,0,-190,320,0,180,0,360,0,-0,0,0,0,0,-50,-290,0,180,0,360
9.35,0,-0,0,0,0,0,-190,320,0,180,0,360,0,-0,0,0,0,0,-50,-290,0,180,0,360
9.36,0,-0,0,0,0,0,-190,320,0,180,0,360,0,-0,0,0,0,0,-50,-290,0,180,0,360
9.37,0,-0,0,0,0,0,-190,320,0,180,0,360,0,-0,0,0,0,0,-50,-290,0,180,0,360
9.38,0,-0,0,0,0,0,-190,320,0,180,0,360,0,-0,0,0,0,0,-50,-290,0,180,0,360
9.39,0,-0,0,0,0,0,-190,320,0,180,0,360,0,-0,0,0,0,0,-50,-290,0,180,0,360
9.4,0,-0,0,0,0,0,-190,320,0,180,0,360,0,-0,0,0,0,0,-50,-290,0,180,0,360
9.41,0,-0,0,0,0,0,-190,320,0,180,0,360,0,-0,0,0,0,0,-50,-290,0,180,0,360
9.42,0,-0,0,0,0,0,-190,320,0,180,0,360,0,-0,0,0,0,0,-50,-290,0,180,0,360
9.43,0,-0,0,0,0,0,-190,320,0,180,0,360,0,-0,0,0,0,0,-50,-290,0,180,0,360
9.44,0,-0,0,0,0,0,-190,320,0,180,0,360,0,-0,0,0,0,0,-50,-290,0,180,0,360
9.45,0,-0,0,0,0,0,-190,320,0,180,0,360,0,-0,0,0,0,0,-50,-290,0,180,0,360
9.46,0,-0,0,0,0,0,-190,320,0,180,0,360,0,-0,0,0,0,0,-50,-290,0,180,0,360
9.47,0,-0,0,0,0,0,-190,320,0,180,0,360,0,-0,0,0,0,0,-50,-290,0,180,0,360
9.48,0,-0,0,0,0,0,-190,320,0,180,0,360,0,-0,0,0,0,0,-50,-290,0,180,0,360
9.49,0,-0,0,0,0,0,-190,320,0,180,0,360,0,-0,0,0,0,0,-50,-290,0,180,0,360
9.5,0,-0,0,0,0,0,-190,320,0,180,0,360,0,-0,0,0,0,0,-50,-290,0,180,0,360
9.51,0,-0,0,0,0,0,-190,320,0,180,0,360,0,-0,0,0,0,0,-50,-290,0,180,0,360
9.52,0,-0,0,0,0,0,-190,320,0,180,0,360,0,-0,0,0,0,0,-50,-290,0,180,0,360
9.53,0,-0,0,0,0,0,-190,320,0,180,0,360,0,-0,0,0,0,0,-50,-290,0,180,0,360
9.54,0,-0,0,0,0,0,-190,320,0,180,0,360,0,-0,0,0,0,0,-50,-290,0,180,0,360
9.55,0,-0,0,0,0,0,-190,320,0,180,0,360,0,-0,0,0,0,0,-50,-290,0,180,0,360
9.56,0,-0,0,0,0,0,-190,320,0,180,0,360,0,-0,0,0,0,0,-50,-290,0,180,0,360
9.57,0,-0,0,0,0,0,-190,320,0,180,0,360,0,-0,0,0,0,0,-50,-290,0,180,0,360
9.58,0,-0,0,0,0,0,-190,320,0,180,0,360,0,-0,0,0,0,0,-50,-290,0,180,0,360
9.59,0,-0,0,0,0,0,-190,320,0,180,0,360,0,-0,0,0,0,0,-50,-290,0,180,0,360
9.6,0,-0,0,0,0,0,-190,320,0,180,0,360,0,-0,0,0,0,0,-50,-290,0,180,0,360
9.61,0,-0,0,0,0,0,-190,320,0,180,0,360,0,-0,0,0,0,0,-50,-290,0,180,0,360
9.62,0,-0,0,0,0,0,-190,320,0,180,0,360,0,-0,0,0,0,0,-50,-290,0,180,0,360
9.63,0,-0,0,0,0,0,-190,320,0,180,0,360,0,-0,0,0,0,0,-50,-290,0,180,0,360
9.64,0,-0,0,0,0,0,-190,320,0,180,0,360,0,-0,0,0,0,0,-50,-290,0,180,0,360
9.65,0,-0,0,0,0,0,-190,320,0,180,0,360,0,-0,0,0,0,0,-50,-290,0,180,0,360
9.66,0,-0,0,0,0,0,-190,320,0,180,0,360,0,-0,0,0,0,0,-50,-290,0,180,0,360
9.67,0,-0,0,0,0,0,-190,320,0,180,0,360,0,-0,0,0,0,0,-50,-290,0,180,0,360
9.68,0,-0,0,0,0,0,-190,320,0,180,0,360,0,-0,0,0,0,0,-50,-290,0,180,0,360
9.69,0,-0,0,0,0,0,-190,320,0,180,0,360,0,-0,0,0,0,0,-50,-290,0,180,0,360
9.7,0,-0,0,0,0,0,-190,320,0,180,0,360,0,-0,0,0,0,0,-50,-290,0,180,0,360
9.71,0,-0,0,0,0,0,-190,320,0,180,0,360,0,-0,0,0,0,0,-50,-290,0,180,0,360
9.72,0,-0,0,0,0,0,-190,320,0,180,0,360,0,-0,0,0,0,0,-50,-290,0,180,0,360
9.73,0,-0,0,0,0,0,-190,320,0,180,0,360,0,-0,0,0,0,0,-50,-290,0,180,0,360
9.74,0,-0,0,0,0,0,-190,320,0,180,0,360,0,-0,0,0,0,0,-50,-290,0,180,0,360
9.75,0,-0,0,0,0,0,-190,320,0,180,0,360,0,-0,0,0,0,0,-50,-290,0,180,0,360
9.76,0,-0,0,0,0,0,-190,320,0,180,0,360,0,-0,0,0,0,0,-50,-290,0,180,0,360
9.77,0,-0,0,0,0,0,-190,320,0,180,0,360,0,-0,0,0,0,0,-50,-290,0,180,0,360
9.78,0,-0,0,0,0,0,-190,320,0,180,0,360,0,-0,0,0,0,0,-50,-290,0,180,0,360
9.79,0,-0,0,0,0,0,-190,320,0,180,0,360,0,-0,0,0,0,0,-50,-290,0,180,0,360
9.8,0,-0,0,0,0,0,-190,320,0,180,0,360,0,-0,0,0,0,0,-50,-290,0,180,0,360
9.81,0,-0,0,0,0,0,-190,320,0,180,0,360,0,-0,0,0,0,0,-50,-290,0,180,0,360
9.82,0,-0,0,0,0,0,-190,320,0,180,0,360,0,-0,0,0,0,0,-50,-290,0,180,0,360
9.83,0,-0,0,0,0,0,-190,320,0,180,0,360,0,-0,0,0,0,0,-50,-290,0,180,0,360
9.84,0,-0,0,0,0,0,-190,320,0,180,0,360,0,-0,0,0,0,0,-50,-290,0,180,0,360
9.85,0,-0,0,0,0,0,-190,320,0,180,0,360,0,-0,0,0,0,0,-50,-290,0,180,0,360
9.86,0,-0,0,0,0,0,-190,320,0,180,0,360,0,-0,0,0,0,0,-50,-290,0,180,0,360
9.87,0,-0,0,0,0,0,-190,320,0,180,0,360,0,-0,0,0,0,0,-50,-290,0,180,0,360
9.88,0,-0,0,0,0,0,-190,320,0,180,0,360,0,-0,0,0,0,0,-50,-290,0,180,0,360
9.89,0,-0,0,0,0,0,-190,320,0,180,0,360,0,-0,0,0,0,0,-50,-290,0,180,0,360
9.9,0,-0,0,0,0,0,-190,320,0,180,0,360,0,-0,0,0,0,0,-50,-290,0,180,0,360
9.91,0,-0,0,0,0,0,-190,320,0,180,0,360,0,-0,0,0,0,0,-50,-290,0,180,0,360
9.92,0,-0,0,0,0,0,-190,320,0,180,0,360,0,-0,0,0,0,0,-50,-290,0,180,0,360
9.93,0,-0,0,0,0,0,-190,320,0,180,0,360,0,-0,0,0,0,0,-50,-290,0,180,0,360
9.94,0,-0,0,0,0,0,-190,320,0,180,0,360,0,-0,0,0,0,0,-50,-290,0,180,0,360
9.95,0,-0,0,0,0,0,-190,320,0,180,0,360,0,-0,0,0,0,0,-50,-290,0,180,0,360
9.96,0,-0,0,0,0,0,-190,320,0,180,0,360,0,-0,0,0,0,0,-50,-290,0,180,0,360
9.97,0,-0,0,0,0,0,-190,320,0,180,0,360,0,-0,0,0,0,0,-50,-290,0,180,0,360
9.98,0,-0,0,0,0,0,-190,320,0,180,0,360,0,-0,0,0,0,0,-50,-290,0,180,0,360
9.99,0,-0,0,0,0,0,-190,320,0,180,0,360,0,-0,0,0,0,0,-50,-290,0,180,0,360
10,0,-0,0,0,0,0,-190,320,0,180,0,360,0,-0,0,0,0,0,-50,-290,0,180,0,360
10.01,0,-0,0,0,0,0,-190,320,0,180,0,360,0,-0,0,0,0,0,-50,-290,0,180,0,360
10.02,0,-0,0,0,0,0,-190,320,0,180,0,360,0,-0,0,0,0,0,-50,-290,0,180,0,360
10.03,0,-0,0,0,0,0,-190,320,0,180,0,360,0,-0,0,0,0,0,-50,-290,0,180,0,360
10.04,0,-0,0,0,0,0,-190,320,0,180,0,360,0,-0,0,0,0,0,-50,-290,0,180,0,360
10.05,0,-0,0,0,0,0,-190,320,0,180,0,360,0,-0,0,0,0,0,-50,-290,0,180,0,360
10.06,0,-0,0,0,0,0,-190,320,0,180,0,360,0,-0,0,0,0,0,-50,-290,0,180,0,360
10.07,0,-0,0,0,0,0,-190,320,0,180,0,360,0,-0,0,0,0,0,-50,-290,0,180,0,360
10.08,0,-0,0,0,0,0,-190,320,0,180,0,360,0,-0,0,0,0,0,-50,-290,0,180,0,360
10.09,0,-0,0,0,0,0,-190,320,0,180,0,360,0,-0,0,0,0,0,-50,-290,0,180,0,360
10.1,0,-0,0,0,0,0,-190,320,0,180,0,360,0,-0,0,0,0,0,-50,-290,0,180,0,360
10.11,0,-0,0,0,0,0,-190,320,0,180,0,360,0,-0,0,0,0,0,-50,-290,0,180,0,360
10.12,0,-0,0,0,0,0,-190,320,0,180,0,360,0,-0,0,0,0,0,-50,-290,0,180,0,360
10.13,0,-0,0,0,0,0,-190,320,0,180,0,360,0,-0,0,0,0,0,-50,-290,0,180,0,360
10.14,0,-0,0,0,0,0,-190,320,0,180,0,360,0,-0,0,0,0,0,-50,-290,0,180,0,360
10.15,0,-0,0,0,0,0,-190,320,0,180,0,360,0,-0,0,0,0,0,-50,-290,0,180,0,360
10.16,0,-0,0,0,0,0,-190,320,0,180,0,360,0,-0,0,0,0,0,-50,-290,0,180,0,360
10.17,0,-0,0,0,0,0,-190,320,0,180,0,360,0,-0,0,0,0,0,-50,-290,0,180,0,360
10.18,0,-0,0,0,0,0,-190,320,0,180,0,360,0,-0,0,0,0,0,-50,-290,0,180,0,360
10.19,0,-0,0,0,0,0,-190,320,0,180,0,360,0,-0,0,0,0,0,-50,-290,0,180,0,360
10.2,0,-0,0,0,0,0,-190,320,0,180,0,360,0,-0,0,0,0,0,-50,-290,0,180,0,360
10.21,0,-0,0,0,0,0,-190,320,0,180,0,360,0,-0,0,0,0,0,-50,-290,0,180,0,360
10.22,0,-0,0,0,0,0,-190,320,0,180,0,360,0,-0,0,0,0,0,-50,-290,0,180,0,360
10.23,0,-0,0,0,0,0,-190,320,0,180,0,360,0,-0,0,0,0,0,-50,-290,0,180,0,360
10.24,0,-0,0,0,0,0,-190,320,0,180,0,360,0,-0,0,0,0,0,-50,-290,0,180,0,360
10.25,0,-0,0,0,0,0,-190,320,0,180,0,360,0,-0,0,0,0,0,-50,-290,0,180,0,360
10.26,0,-0,0,0,0,0,-190,320,0,180,0,360,0,-0,0,0,0,0,-50,-290,0,180,0,360
10.27,0,-0,0,0,0,0,-190,320,0,180,0,360,0,-0,0,0,0,0,-50,-290,0,180,0,360
10.28,0,-0,0,0,0,0,-190,320,0,180,0,360,0,-0,0,0,0,0,-50,-290,0,180,0,360
10.29,0,-0,0,0,0,0,-190,320,0,180,0,360,0,-0,0,0,0,0,-50,-290,0,180,0,360
10.3,0,-0,0,0,0,0,-190,320,0,180,0,360,0,-0,0,0,0,0,-50,-290,0,180,0,360
10.31,0,-0,0,0,0,0,-190,320,0,180,0,360,0,-0,0,0,0,0,-50,-290,0,180,0,360
10.32,0,-0,0,0,0,0,-190,320,0,180,0,360,0,-0,0,0,0,0,-50,-290,0,180,0,360
10.33,0,-0,0,0,0,0,-190,320,0,180,0,360,0,-0,0,0,0,0,-50,-290,0,180,0,360
10.34,0,-0,0,0,0,0,-190,320,0,180,0,360,0,-0,0,0,0,0,-50,-290,0,180,0,360
10.35,0,-0,0,0,0,0,-190,320,0,180,0,360,0,-0,0,0,0,0,-50,-290,0,180,0,360
10.36,0,-0,0,0,0,0,-190,320,0,180,0,360,0,-0,0,0,0,0,-50,-290,0,180,0,360
10.37,0,-0,0,0,0,0,-190,320,0,180,0,360,0,-0,0,0,0,0,-50,-290,0,180,0,360
10.38,0,-0,0,0,0,0,-190,320,0,180,0,360,0,-0,0,0,0,0,-50,-290,0,180,0,360
10.39,0,-0,0,0,0,0,-190,320,0,180,0,360,0,-0,0,0,0,0,-50,-290,0,180,0,360
10.4,0,-0,0,0,0,0,-190,320,0,180,0,360,0,-0,0,0,0,0,-50,-290,0,180,0,360
10.41,0,-0,0,0,0,0,-190,320,0,180,0,360,0,-0,0,0,0,0,-50,-290,0,180,0,360
10.42,0,-0,0,0,0,0,-190,320,0,180,0,360,0,-0,0,0,0,0,-50,-290,0,180,0,360
10.43,0,-0,0,0,0,0,-190,320,0,180,0,360,0,-0,0,0,0,0,-50,-290,0,180,0,360
10.44,0,-0,0,0,0,0,-190,320,0,180,0,360,0,-0,0,0,0,0,-50,-290,0,180,0,360
10.45,0,-0,0,0,0,0,-190,320,0,180,0,360,0,-0,0,0,0,0,-50,-290,0,180,0,360
10.46,0,-0,0,0,0,0,-190,320,0,180,0,360,0,-0,0,0,0,0,-50,-290,0,180,0,360
10.47,0,-0,0,0,0,0,-190,320,0,180,0,360,0,-0,0,0,0,0,-50,-290,0,180,0,360
10.48,0,-0,0,0,0,0,-190,320,0,180,0,360,0,-0,0,0,0,0,-50,-290,0,180,0,360
10.49,0,-0,0,0,0,0,-190,320,0,180,0,360,0,-0,0,0,0,0,-50,-290,0,180,0,360
10.5,0,-0,0,0,0,0,-190,320,0,180,0,360,0,-0,0,0,0,0,-50,-290,0,180,0,360
10.51,0,-0,0,0,0,0,-190,320,0,180,0,360,0,-0,0,0,0,0,-50,-290,0,180,0,360
10.52,0,-0,0,0,0,0,-190,320,0,180,0,360,0,-0,0,0,0,0,-50,-290,0,180,0,360
10.53,0,-0,0,0,0,0,-190,320,0,180,0,360,0,-0,0,0,0,0,-50,-290,0,180,0,360
10.54,0,-0,0,0,0,0,-190,320,0,180,0,360,0,-0,0,0,0,0,-50,-290,0,180,0,360
10.55,0,-0,0,0,0,0,-190,320,0,180,0,360,0,-0,0,0,0,0,-50,-290,0,180,0,360
10.56,0,-0,0,0,0,0,-190,320,0,180,0,360,0,-0,0,0,0,0,-50,-290,0,180,0,360
10.57,0,-0,0,0,0,0,-190,320,0,180,0,360,0,-0,0,0,0,0,-50,-290,0,180,0,360
10.58,0,-0,0,0,0,0,-190,320,0,180,0,360,0,-0,0,0,0,0,-50,-290,0,180,0,360

